-1.844599775278581433e+00,-9.724967561509734182e-01,-3.789593287580528269e+00
3.198513427596639147e+00,3.356849183720612473e+00,9.912211795037864093e+00
-3.671691018026273845e+00,2.642492202203994722e+00,1.613293386381715599e+00
3.246858286963476559e-01,4.692091474081077962e+00,9.708868776858503580e+00
-3.004263560315409087e+00,-9.991767432201150712e-01,-5.002617046755639230e+00
3.914964533384466705e+00,-2.354642789997216656e+00,-7.943210466099666078e-01
-4.597873538029391582e+00,-2.853212210937531523e+00,-1.030429795990445463e+01
3.122463195153544646e+00,-3.647326143480337457e+00,-4.172189091807130268e+00
-1.857899361234242264e+00,-3.516294043833019245e+00,-8.890487448900280754e+00
-7.771655188343586929e-01,-4.589868812347017268e+00,-9.956903143528393230e+00
3.850112244074939127e-01,1.642094792641262124e+00,3.669200809690018161e+00
4.982393235958046063e+00,-2.791975548774337845e+00,-6.015578615906296278e-01
7.528659021437178467e-02,-1.187299121184298478e+00,-2.299311652154225172e+00
-2.674932855549130295e+00,-2.678005376288599138e+00,-8.030943608126328570e+00
-2.395668721209309737e-01,3.508632988584288626e+00,6.777699105047646277e+00
-1.767452536989041256e+00,2.124521876784193353e+00,2.481591216579345449e+00
2.415029566487677748e+00,-1.464547597165148929e+00,-5.140656278426201098e-01
3.234872033631736699e+00,1.296286753959998705e-01,3.494129384423736440e+00
8.458080485034376039e-01,-4.022349974645361925e+00,-7.198891900787286247e+00
3.234137247408028770e-01,4.198314162244997760e+00,8.720042049230798398e+00
-1.293706924169244488e+00,-3.916744202169960332e+00,-9.127195328509165151e+00
-2.292907412029593139e+00,3.450195676331889061e+00,4.607483940634184982e+00
1.391677463187875219e+00,-3.953552344217783343e+00,-6.515427225247691467e+00
-4.812009091020195584e+00,2.754697427267686294e+00,6.973857635151770040e-01
1.578567326541220339e+00,2.630632073763826462e+00,6.839831474068873263e+00
2.029813348961006625e+00,3.258343379179050814e+00,8.546500107319108253e+00
8.849836225726006589e-01,2.609415664587608319e+00,6.103814951747817297e+00
2.770966858854054138e+00,-4.816442592009689605e+00,-6.861918325165325072e+00
-2.456356933672569021e+00,-1.662903784070381086e+00,-5.782164501813331192e+00
2.909281533450829293e+00,9.628893548876495956e-01,4.835060243226128485e+00
1.403755765537141542e+00,-1.525420444454090863e+00,-1.647085123371040183e+00
4.810565702052363335e+00,-1.313044450772642424e+00,2.184476800507078487e+00
1.007338180761530033e+00,-4.624625098726259154e+00,-8.241912016690989162e+00
4.839915828784844720e+00,4.863905640659185181e+00,1.456772711010321508e+01
3.223319035606778016e+00,7.145456749971490495e-02,3.366228170606207826e+00
3.080226712067247519e+00,2.707509503486241975e+00,8.495245719039731469e+00
3.497895728513977787e+00,-1.868947763671279461e+00,-2.399997988285811346e-01
-2.538161457770364837e+00,4.311048508098508592e+00,6.083935558426652790e+00
-2.282845643958021142e+00,-3.878442120730526632e+00,-1.003972988541907441e+01
-4.263024531080232826e+00,-6.058723307674771519e-01,-5.474769192615187130e+00
1.125566028583131484e+00,-1.613888309369044816e+00,-2.102210590154958147e+00
1.983552711581889838e+00,2.304204223649377603e+00,6.591961158880645044e+00
1.139814615812588805e+00,-1.337462242639083421e+00,-1.535109869465578036e+00
4.145844429270162834e+00,-4.278634636470569852e+00,-4.411424843670976870e+00
1.215799033190458900e+00,-2.717821544212601026e+00,-4.219844055234743152e+00
2.073023109456677560e-01,-9.524112104003403800e-01,-1.697520109855013004e+00
-1.481924735329873677e+00,-2.096446109410297964e+00,-5.674816954150469606e+00
4.085614644307845822e+00,1.969989300784105168e-01,4.479612504464666856e+00
4.925430239080949235e+00,-2.525335044204245705e+00,-1.252398493275421743e-01
-4.623345214339204645e+00,1.537553748506818252e+00,-1.548237717325568141e+00
-4.379007610072319423e+00,-3.913652444303770128e+00,-1.220631249867986057e+01
2.879072143221280911e+00,2.285280824697053959e+00,7.449633792615388828e+00
3.244550809175324346e+00,-4.340333630453608649e+00,-5.436116451731892951e+00
5.109567356502697777e-02,-4.889145334529506393e+00,-9.727194995493984919e+00
3.448754136643783497e-01,1.598174277238936014e+00,3.541223968142250378e+00
-1.922363441459387978e+00,4.998523405573298106e+00,8.074683369687207346e+00
-3.630737858038060040e+00,4.718048607860152899e+00,5.805359357682245758e+00
-3.831937541972027184e+00,2.431783039725767814e+00,1.031628537479508445e+00
-4.974933352507226125e+00,4.340881045106677050e+00,3.706828737706127974e+00
4.568974233428502174e+00,4.969418880908886393e+00,1.450781199524627496e+01
9.854883071969329222e-01,-4.423387517966786753e+00,-7.861286728736640583e+00
1.710574390891707708e+00,6.043221402107912255e-01,2.919218671313290159e+00
2.074310670882474561e+00,-1.233710829214773597e+00,-3.931109875470726323e-01
3.066663129606128635e+00,4.831385675519001666e+00,1.272943448064413197e+01
-4.178390891724009570e+00,-7.727006833197149760e-01,-5.723792258363439522e+00
-2.199705652536144918e+00,-2.005525538723960999e+00,-6.210756729984066915e+00
-4.895047997523223060e+00,-2.890998413097963571e+00,-1.067704482371915020e+01
2.534636554049233936e+00,8.437490086523258270e-02,2.703386355779699102e+00
2.184383799625790878e+00,-6.876158792186686242e-01,8.091520411884536301e-01
-4.107909946646470800e-01,4.585220886195042311e+00,8.759650777725436654e+00
4.447348229726573621e+00,1.323873968829381909e+00,7.095096167385337438e+00
1.194053509316065131e+00,-4.963447200076701371e+00,-8.732840890837337611e+00
9.585089095992325170e-01,-3.101444535572391636e+00,-5.244380161545550756e+00
3.786596869657360642e+00,4.908083295816446423e+00,1.360276346129025349e+01
-3.599242671669022897e-01,2.291146690401041575e+00,4.222369113635180859e+00
-1.159365695767244020e+00,-1.976429087918113225e+00,-5.112223871603470471e+00
-4.362315899335320601e+00,-2.917119160105307252e+00,-1.019655421954593422e+01
3.145680933184024752e+00,-1.274668834889239655e+00,5.963432634055454429e-01
2.680334592321362841e+00,-4.460724670946004444e+00,-6.241114749570646048e+00
3.961320582771890031e-01,3.762416305848345743e+00,7.920964669973880490e+00
3.331364167848120061e+00,1.433189849505258628e+00,6.197743866858637318e+00
4.462119395622735851e+00,-4.909072560112056394e+00,-5.356025724601376936e+00
3.870260833630517538e+00,4.472244589583088015e+00,1.281475001279669357e+01
3.824751803009572626e+00,-4.424269706062407437e+00,-5.023787609115242248e+00
1.938873573789845040e+00,2.539824054570919643e+00,7.018521682931684325e+00
-3.777515780724124639e+00,-1.536678391124960186e+00,-6.850872562974045010e+00
7.629019277223125783e-01,-2.629616200518369862e+00,-4.496330473314427145e+00
-2.378716187840013152e+00,-1.267835466707698533e+00,-4.914387121255410662e+00
4.398512622390061466e+00,4.989151460608583832e+00,1.437681554360722913e+01
2.776212060323866027e+00,1.715314136337600992e+00,6.206840332999068011e+00
3.464684159259091345e+00,3.524863515652471690e+00,1.051441119056403473e+01
3.456820507378601803e-01,3.218176058112881321e+00,6.782034166963622823e+00
1.012655404007628768e+00,2.585210428770493785e+00,6.183076261548616337e+00
-3.495299807116843738e+00,-1.472588330192272643e+00,-6.440476467501389024e+00
-1.543589268331150066e+00,4.856378893759863757e+00,8.169168519188577449e+00
2.573116476333386693e+00,-1.866759508556424585e+00,-1.160402540779462477e+00
-1.972128801582174518e+00,4.945885664504558576e+00,7.919642527426942635e+00
-3.427674309027661792e-02,-2.779733873592737936e-01,-5.902235178088242051e-01
4.139680135334558031e-01,4.334833385502989245e+00,9.083634784539434293e+00
7.642264826629219243e-02,-1.208924255816059556e+00,-2.341425863365826920e+00
4.203463816137256615e+00,-7.680365548024914446e-01,2.667390706532273725e+00
2.838487866406427251e+00,3.606545070308722956e+00,1.005157800702387405e+01
4.746829042689753919e+00,-3.266798924531462145e+00,-1.786768806373170371e+00
-5.214984141735534706e-01,2.040412325102404445e+00,3.559326236031255419e+00
2.665425471041686478e+00,-3.249814502431341623e+00,-3.834203533820996768e+00
-9.253884621287689072e-01,-1.747591267605156595e+00,-4.420570997339082098e+00
1.289743106689387631e+00,2.671642888764557355e+00,6.633028884218502341e+00
2.149797240141086974e+00,-8.718473114823979131e-01,4.061026171762911474e-01
-2.565594054930625312e+00,2.085182680202636085e+00,1.604771305474646859e+00
-4.370416352810350347e+00,2.449578551447664232e+00,5.287407500849781172e-01
1.715174414873520625e+00,-2.878014515288243036e+00,-4.040854615702965447e+00
-2.301312677961177222e+00,4.951188719654830095e+00,7.601064761348482968e+00
-1.820863216160342191e+00,-4.416064666400142613e+00,-1.065299254896062742e+01
-9.662686746238682289e-01,4.512818616788543125e+00,8.059368558953217132e+00
-9.545014332465076023e-01,2.305016526871680682e+00,3.655531620496853762e+00
-2.309471107666284162e+00,-4.686430577499446137e+00,-1.168233226266517732e+01
-3.320427033318387178e+00,-1.898180612442101900e+00,-7.116788258202591422e+00
1.310590641115818578e+00,-2.873040347372952663e+00,-4.435490053630086749e+00
-2.362383269231211003e+00,-3.740435609153277774e+00,-9.843254487537766551e+00
-2.879162280783797101e+00,-4.624315334158618285e+00,-1.212779294910103367e+01
-2.535758141654098630e+00,-6.514257880185168048e-01,-3.838609717691132239e+00
7.944350965195470238e-01,-4.297565932153916357e+00,-7.800696767788285690e+00
-2.370403615264119246e+00,-4.888883213763692837e-01,-3.348180258016857813e+00
3.170444292376295436e+00,4.130776142932186090e+00,1.143199657824066762e+01
3.843173308954701994e+00,-4.017775656959074126e+00,-4.192378004963446259e+00
1.449011326976217262e+00,-2.957688558797001654e+00,-4.466365790617786047e+00
1.334756545833544195e+00,4.958461163486807877e+00,1.125167887280715995e+01
-3.046666238535547855e+00,1.804736065802041267e+00,5.628058930685346795e-01
5.300504108912038603e-01,2.274425735941635551e+00,5.078901882774474963e+00
-3.054714556995605790e+00,4.749050796733140345e+00,6.443387036470674900e+00
-1.038193555745158037e+00,-9.880547635311049959e-01,-3.014303082807368028e+00
7.558647225877717091e-01,-3.396849905187393492e+00,-6.037835087787015276e+00
-4.860400716085784723e+00,2.772283389810721310e+00,6.841660635356578979e-01
-1.815636698555710637e+00,-2.162569799730950315e+00,-6.140776298017611268e+00
-2.487160221079651734e+00,-1.532158755905761449e+00,-5.551477732891174632e+00
2.792606437806227859e+00,-1.398296641361165271e-01,2.512947109533994805e+00
4.881813308337914492e+00,-2.319582458742606157e+00,2.426483908527021782e-01
-1.963908616122191919e+00,3.298737994320839917e+00,4.633567372519488359e+00
-2.642220388392411135e+00,-4.993097677945814716e+00,-1.262841574428404101e+01
9.022196155456310152e-01,-2.158082270613366216e+00,-3.413944925681101417e+00
2.508873836224191578e+00,-4.077226904417257991e+00,-5.645579972610324404e+00
4.039381458032831773e+00,-1.111397340433218694e+00,1.816586777166394384e+00
9.180718738091577791e-01,2.161942784623124503e+00,5.241957443055406785e+00
-2.873693247833056574e+00,-4.749037944270979139e+00,-1.237176913637501485e+01
2.133401842599394804e+00,-1.294990405675084943e+00,-4.565789687507750827e-01
-4.938527691646276807e+00,1.842495792321937387e+00,-1.253536107002402034e+00
4.497377858982085641e-01,3.157849640396387159e+00,6.765437066690982881e+00
-1.424944030361880998e+00,4.004283975881545388e+00,6.583623921401209778e+00
-6.755574624417448604e-02,1.158556182852351846e+00,2.249556619460529205e+00
-2.171387969122658745e+00,-4.130147102515357105e+00,-1.043168217415337296e+01
1.050780320316187399e+00,9.863963416122114580e-01,3.023573003540610316e+00
1.453181424231696717e+00,-4.464964307137035959e+00,-7.476747190042375202e+00
-5.453486245310834590e-01,-2.691382904843766521e+00,-5.928114434218616502e+00
-2.460153429243425727e+00,1.391963586354329152e+00,3.237737434652325774e-01
3.770150576711468915e+00,-3.455023771095001806e+00,-3.139896965478534696e+00
-3.907516582602483801e+00,-3.283676050155268644e+00,-1.047486868291302109e+01
7.645894260261201225e-01,-2.279036526114863737e+00,-3.793483626203607351e+00
-3.349953484905281442e-01,1.530082798671297262e+00,2.725170248852066379e+00
4.724664629083688894e+00,1.221626159395592381e-01,4.968989860962807370e+00
-1.791007700097524413e+00,-4.628019827610700965e+00,-1.104704735531892723e+01
2.269671529206503280e+00,-2.778639082716278796e+00,-3.287606636226054313e+00
-1.399110323960029767e+00,1.447932409071322368e+00,1.496754494182614970e+00
-1.646430834764375462e+00,3.870025338853899655e-02,-1.569030327987297468e+00
1.664606928016806542e+00,3.551019134173712288e+00,8.766645196364230230e+00
-1.423786868474696821e+00,-1.826196574670807315e+00,-5.076180017816311008e+00
-3.279807366207954100e+00,1.183983775563143048e+00,-9.118398150816680037e-01
3.920516474938338547e+00,-3.688755105894774289e+00,-3.456993736851210031e+00
2.661100338616321004e+00,-1.878526029442647349e+00,-1.095951720268973695e+00
2.946977002512038979e+00,-1.564155853175610567e+00,-1.813347038391821542e-01
1.325007304069663050e+00,-3.171469251845691062e-01,6.907134537005248376e-01
-3.362139028142390185e+00,8.384275943736696490e-02,-3.194453509267656255e+00
3.961621374798564688e+00,-3.151385091835798846e-01,3.331344356431404918e+00
-7.593455192001918874e-02,1.439027794527757642e+00,2.802121037135496096e+00
2.981672697545234563e+00,1.442856570202255995e+00,5.867385837949746552e+00
-4.760006223178091744e+00,4.344844230752165970e+00,3.929682238326240196e+00
1.368207169463113715e+00,1.999950797212184384e+00,5.368108763887482482e+00
1.893533481707756039e+00,-6.152901444691121213e-01,6.629531927695317961e-01
3.251284561580350285e+00,-7.236668334553044701e-01,1.803950894669741345e+00
4.611559901421896868e+00,-4.529508274248868815e+00,-4.447456647075840763e+00
-1.837755088078700805e+00,2.485015270064948822e+00,3.132275452051196840e+00
1.071732712258733677e+00,-3.821230920337775672e+00,-6.570729128416817666e+00
-1.293322311440267214e+00,3.993420410058199366e-01,-4.946382294286273407e-01
2.916626503916136315e+00,9.723700757105113723e-01,4.861366655337159060e+00
-9.769729870352446000e-01,5.044784426465351856e-01,3.198389825782577134e-02
-1.116690058287366227e+00,2.434327569954923831e-01,-6.298245442963814611e-01
-3.348709038463195675e+00,-1.510525107433330128e+00,-6.369759253329855930e+00
3.715374041193094001e+00,-1.127569666856447217e+00,1.460234707480199567e+00
-3.182964901470981545e-01,4.952928072538167470e-01,6.722891243605353395e-01
2.030891986643545977e+00,-4.576300102263210157e+00,-7.121708217882874337e+00
3.119165863847312536e+00,-2.620747634558822980e+00,-2.122329405270333424e+00
-9.995217142504682073e-01,1.890050562961672398e+00,2.780579411672876589e+00
5.373122081687329299e-01,5.903150448024589991e-01,1.717942297773650928e+00
-2.939000354453427111e+00,1.234993549176117256e+00,-4.690132561011925993e-01
3.069050976806927622e+00,-1.242663223882342294e+00,5.837245290422430344e-01
-1.237505125174429566e+00,-7.559975829733502906e-01,-2.749500291121130147e+00
2.586190577763075815e+00,4.334169568239918391e-01,3.453024491411059493e+00
-1.157296995707202125e+00,-1.696189020991392127e+00,-4.549675037689986823e+00
1.902787781062833972e+00,-3.798727898888547561e+00,-5.694668016714261150e+00
-6.982507124814851807e-02,-2.160844447728798912e+00,-4.391513966705746341e+00
9.374419949739678515e-01,-1.116887154490968648e+00,-1.296332314007969444e+00
-3.522549253307738493e+00,1.958234246092450448e+00,3.939192388771624032e-01
-4.000282222741828875e+00,2.151720085890706180e+00,3.031579490395834853e-01
1.790363464638637936e+00,-2.107710646617240169e+00,-2.425057828595842402e+00
1.123468900484228428e+00,2.194821889585918839e+00,5.513112679656066106e+00
-4.949035905918850453e+00,4.245805962091639074e+00,3.542576018264427695e+00
-7.577902775276976755e-01,2.603905881425028213e-01,-2.370091012426920329e-01
-8.710714404837975877e-01,-1.946749461176139562e+00,-4.764570362836076711e+00
-4.454604577277095245e+00,3.310206665395462267e+00,2.165808753513829288e+00
1.924311903879302399e+00,-1.880813484293040183e+00,-1.837315064706777967e+00
2.578187984895354390e+00,4.424444315921796544e+00,1.142707661673894748e+01
-2.581830802750388898e+00,3.084476238610092125e+00,3.587121674469795352e+00
-2.208969843906849473e+00,-3.709685338105843666e+00,-9.628340520118536361e+00
-4.132795812264296487e+00,5.808890439258016514e-01,-2.971017724412693184e+00
4.075120038958669255e+00,-2.773863058134521609e+00,-1.472606077310373962e+00
7.552489837809162054e-02,4.651451901619561013e+00,9.378428701617213648e+00
-3.706136211580011164e-01,-4.084234487485721488e+00,-8.539082596129443203e+00
2.166494098877485008e+00,-4.990450086825059195e+00,-7.814406074772633382e+00
2.928539654738292697e+00,-1.975449907929029969e+00,-1.022360161119767241e+00
4.252551083001288035e-01,-2.543856795497632106e-01,-8.351625079939761775e-02
2.563062162779836228e+00,-4.440103580947708295e+00,-6.317144999115580362e+00
3.759229038181960192e+00,3.630849980271475985e+00,1.102092899872491216e+01
1.518665416729182205e+00,-2.487076918571997641e+00,-3.455488420414813078e+00
3.721344228395498277e+00,2.168112256806900895e+00,8.057568742009300067e+00
-3.764040581846972433e+00,9.756926257821207926e-01,-1.812655330282730848e+00
-1.651556040762534039e-01,3.235661492104815906e+00,6.306167380133378408e+00
5.074170932083221786e-01,-2.079547010876510171e-01,9.150769103302014429e-02
1.533706409781633084e+00,2.125685112095712981e+00,5.785076633973059046e+00
-4.495866923151130123e+00,3.067342138784363570e+00,1.638817354417597016e+00
-2.423701832091613717e+00,4.060025656886473655e+00,5.696349481681333593e+00
2.724979600245136524e+00,4.755076529185751966e+00,1.223513265861664046e+01
1.706009555895659169e+00,-2.341311135947096389e+00,-2.976612715998533609e+00
-2.537703759828828787e+00,-2.881147156195976500e+00,-8.299998072220780898e+00
8.170362049177812835e-01,1.245344676558275410e+00,3.307725558034332103e+00
-3.521328471312159536e-01,-8.358503748846493053e-01,-2.023833596900514564e+00
-2.181167057910323948e+00,-4.459927223901117621e+00,-1.110102150571255919e+01
-1.586717702896972781e+00,-6.534867135388813253e-01,-2.893691129974735432e+00
2.709545004711957361e+00,-6.953768669961295501e-01,1.318791270719698261e+00
1.289387064267545568e+00,-4.219090679665504773e+00,-7.148794295063463977e+00
-2.342171206663450356e+00,3.341780941380580572e+00,4.341390676097710788e+00
-9.807411709373390352e-01,-3.631099741224927957e+00,-8.242940653387194061e+00
-4.451464531106351430e+00,1.390678920298738852e+00,-1.670106690508873726e+00
-1.907427050401315771e+00,-2.490424169925171682e+00,-6.888275390251658692e+00
4.233035042792556268e+00,-2.060260759259411323e+00,1.125135242737336227e-01
4.150606227876998844e+00,-1.595697807537400870e+00,9.592106128021971045e-01
2.663566506068121065e+00,2.929931303004915222e+00,8.523429112077952396e+00
3.792046359751591211e+00,-5.338512294873343222e-01,2.724343900776922567e+00
3.797033606065653544e+00,-1.399331531306275966e+00,9.983705434531016110e-01
3.610671860755715556e+00,4.849787042922027780e+00,1.331024594659977112e+01
2.402855341051051141e+00,4.445739630688045452e+00,1.129433460242714204e+01
2.525841158454449342e+00,-4.690409385134419296e+00,-6.854977611814389249e+00
1.227977359479366370e+00,-1.192064434642292614e+00,-1.156151509805218858e+00
-2.551958619794092442e+00,2.002352919133466358e+00,1.452747218472840274e+00
5.152531241236228965e-01,-2.151526227815483416e+00,-3.787799331507343936e+00
2.799082961892718657e+00,3.949004709429592808e+00,1.069709238075190427e+01
4.993794628228259924e+00,-3.305095910002425974e+00,-1.616397191776592024e+00
2.691871466721579509e+00,2.392819378633667782e+00,7.477510223988915072e+00
9.775338217174365241e-01,1.432036185796977890e+00,3.841606193311392303e+00
-1.044932857321815511e+00,3.252381896634020109e-01,-3.944564779950114897e-01
4.523492400456515128e+00,3.064963543781562549e+00,1.065341948801964023e+01
-8.046553748664511119e-01,-4.292153759664321555e+00,-9.388962894195094222e+00
-2.043709605667657137e+00,3.069272591248722648e+00,4.094835576829788160e+00
5.079958965473396759e-01,7.435225713845081685e-01,1.995041039316356013e+00
-2.249250972469879706e+00,7.025931288704097000e-01,-8.440647147290603058e-01
-3.219024299494643859e+00,-1.833590794556872794e+00,-6.886205888608389003e+00
-2.371035974921388068e+00,-3.563506320868902399e+00,-9.498048616659193755e+00
1.685905288529689905e+00,-4.574101119645259672e-01,7.710850646006379705e-01
1.357097614351672199e+00,-4.964444279169803131e+00,-8.571790943987934952e+00
2.823085827294512740e+00,4.793255633623660472e+00,1.240959709454183368e+01
-1.017342493224298927e+00,-2.359454647031568264e+00,-5.736251787287435455e+00
-3.316107041520031107e+00,-2.252077692664080644e+00,-7.820262426848191950e+00
-1.451550159639622972e+00,1.144916900054551157e+00,8.382836404694793409e-01
4.144854694755368385e+00,2.906866478756597871e-01,4.726227990506687959e+00
-3.548172919942439663e+00,-3.674603506720734991e+00,-1.089737993338390964e+01
-4.155406384990474322e+00,-3.684313830600726369e+00,-1.152403404619192706e+01
-4.455814032452336093e+00,-3.238626068295332949e+00,-1.093306616904300199e+01
-1.807341947310781016e+00,-4.216324730446382674e+00,-1.023999140820354725e+01
-2.931841644700590166e+00,7.647797738086463681e-01,-1.402282097083297430e+00
-1.458384544915617198e+00,-4.735555523525091459e+00,-1.092949559196580012e+01
2.087864622551744986e-01,1.542922580272723998e+00,3.294631622800622495e+00
-4.435337543787454706e+00,4.139799181906717251e+00,3.844260820025979797e+00
-1.624819472452633029e+00,1.356133362605237203e+00,1.087447252757841376e+00
-9.896850102811525218e-01,-3.622278057575081256e+00,-8.234241125431314146e+00
4.477425149360984236e+00,3.112756143647182228e+00,1.070293743665534869e+01
3.106182517298497814e+00,-2.114608630003877110e+00,-1.123034742709256406e+00
-4.698756153370043265e+00,2.422725868882217526e+00,1.466955843943917870e-01
3.573895118727257625e+00,7.052722168963505567e-01,4.984439552519958738e+00
-4.976610345164459659e+00,4.407291227435649716e+00,3.837972109706839774e+00
-3.170161190702340814e+00,2.534842409427979781e+00,1.899523628153618748e+00
-3.151567134617394572e-01,-2.750533046013096339e+00,-5.816222805487932135e+00
-1.644939463341617003e+00,-1.972383006964280039e+00,-5.589705477270177525e+00
8.102095813049707829e-01,-3.888729393194481077e-01,3.246370266607456756e-02
3.538354530165895184e+00,-1.683476548732192324e+00,1.714014327015105366e-01
3.279293790875993153e+00,3.867707583979829167e-01,4.052835307671958986e+00
-2.687137921474902491e+00,-2.464692519788307390e+00,-7.616522961051517271e+00
9.171571987035642692e-01,2.394665396444874084e+00,5.706487991593312437e+00
-4.584274933654262973e+00,-2.690844324120989839e+00,-9.965963581896243539e+00
4.785076011124207440e-01,-1.075526517452285447e-01,2.634022976219636547e-01
1.106729156375017453e+00,-1.568783080497532012e+00,-2.030837004620046571e+00
-3.004457164024941562e+00,1.727191945765626180e+00,4.499267275063107974e-01
3.673353228190851638e+00,-1.629084208122320909e+00,4.151848119462098197e-01
-6.622054304638353983e-01,6.993719262047362051e-01,7.365384219456370118e-01
-4.438218162763400976e+00,1.149836807143589823e+00,-2.138544548476221330e+00
2.650388667338504867e+00,3.722732090598574572e+00,1.009585284853565312e+01
4.345955993876987833e+00,-4.938365823767618679e+00,-5.530775653658249524e+00
2.123054399407423354e+00,-4.615594446570182363e+00,-7.108134493732941372e+00
7.792957237820585803e-01,1.705767783890181022e+00,4.190831291562420624e+00
4.725091757053851538e+00,-3.679764675813030905e+00,-2.634437594572210273e+00
-8.609726884623247756e-01,-2.949928586021321131e+00,-6.760829860504967037e+00
2.730818304002827546e+00,1.365965575931367582e+00,5.462749455865562709e+00
3.972241089699457106e+00,6.205002103361278998e-01,5.213241510371712906e+00
2.927928382000914986e+00,-1.422023625573046957e+00,8.388113085482107323e-02
-4.184324697679976168e+00,-5.130170980621713284e-01,-5.210358893804318825e+00
-3.369063259769018437e+00,1.125680351491079811e+00,-1.117702556786858814e+00
-4.551797358054915144e+00,-4.663303551416433379e-01,-5.484458068338201819e+00
-2.272749346213923438e+00,-3.345041510175329691e+00,-8.962832366564583708e+00
-4.793028200009540996e+00,3.072381502382953045e+00,1.351734804756365094e+00
2.233915472240801670e+00,-2.339082203178917130e+00,-2.444248934117032590e+00
1.705647068459466453e+00,5.896795839161637076e-01,2.885006236291793869e+00
3.340117994866762530e-01,2.474094696080753941e+00,5.282201191648184135e+00
1.323293310216060448e+00,4.339366363641120827e+00,1.000202603749830210e+01
2.773872532046124384e+00,-1.582802422156289524e+00,-3.917323122664546631e-01
7.296902967540086493e-01,-8.517194149860163321e-02,5.593464137568053829e-01
-2.330922062354121582e+00,-2.142327662004899214e+00,-6.615577386363920454e+00
-2.731180317004585412e+00,7.979261887178514812e-01,-1.135327939568882449e+00
1.722850171926221918e+00,-4.122039081502732571e+00,-6.521227991079243225e+00
4.042550100197189522e+00,-4.954463827758164740e+00,-5.866377555319139958e+00
2.002287266767519114e+00,-3.819692647895450932e+00,-5.637098029023382750e+00
-4.229414447033107649e+00,-2.258370839210999126e+00,-8.746156125455105013e+00
-4.097454754184050252e+00,-2.757461410523416312e+00,-9.612377575230883764e+00
-4.207222244023776980e+00,-3.213292892878427676e+00,-1.063380802978063144e+01
-2.429639672579186005e+00,-4.284056056499655263e+00,-1.099775178557849742e+01
-4.008827004518273895e+00,2.265789309888354808e+00,5.227516152584357201e-01
-9.654159732567100249e-01,-1.287769691396574157e+00,-3.540955356049858338e+00
4.903704344642395796e+00,-1.433246587147850803e+00,2.037211170346694189e+00
-2.717801824230650087e+00,4.433769937804608929e+00,6.149738051378568215e+00
3.154354176168194357e+00,-4.514838260802102710e+00,-5.875322345436011062e+00
-1.797313804646691882e+00,-5.752509690443599055e-01,-2.947815742735411693e+00
3.190139654482033293e+00,-3.730673968740541024e+00,-4.271208282999048755e+00
-1.972071598891407262e-01,-1.153896618761940385e+00,-2.505000397413021496e+00
3.156257880222705481e+00,-1.542349069805482920e+00,7.155974061173964174e-02
5.716313986205836528e-01,3.678800695639875329e+00,7.929232789900334311e+00
4.847641992828950919e+00,-1.080599838152218606e+00,2.686442316524513707e+00
3.780384722248692597e+00,-3.040081185777067319e+00,-2.299777649305442040e+00
-3.760567650684898400e+00,2.123122168694377976e+00,4.856766867038575519e-01
2.435877044832842842e+00,6.754042151554626727e-01,3.786685475143768187e+00
-1.106087643019781908e-01,-2.539767118440361404e+00,-5.190143001182700999e+00
4.531995552579635600e+00,-1.972229686797119186e+00,5.875361789853972283e-01
2.308181957935380169e+00,2.150415190953225419e-02,2.351190261754444677e+00
3.072009710459184362e+00,4.366596952812393795e+00,1.180520361608397195e+01
2.612581129432833826e+00,-3.112853563038855409e+00,-3.613125996644876992e+00
4.659406453722244379e+00,-3.016189909712099215e+00,-1.372973365701954052e+00
2.513245790058038054e+00,7.596951843919939051e-01,4.032636158842025864e+00
-2.520819570371848339e+00,3.145074376636602054e+00,3.769329182901355768e+00
-7.024591950073180158e-01,-3.616427596749659301e+00,-7.935314388506636618e+00
-4.668701084112263366e+00,-3.302142303945190260e+00,-1.127298569200264389e+01
2.688660009403129436e+00,2.445628192673590107e+00,7.579916394750309649e+00
-1.672742077131319505e-01,3.839028352973079095e+00,7.510782498233026239e+00
-8.254994337062671050e-01,-1.869062205762030970e+00,-4.563623845230329046e+00
-3.264030329542504383e+00,1.334074677741884152e+00,-5.958809740587360793e-01
1.154134858271861575e+00,4.051681787749304320e+00,9.257498433770470214e+00
-2.113234694009147319e-02,-4.487519028039164581e+00,-8.996170403018421524e+00
-1.493586853061561470e-01,3.992139681714460764e+00,7.834920678122765381e+00
-4.261696355509794643e+00,8.438040343390351694e-01,-2.574088286831724304e+00
3.084986815573575569e+00,-3.358955046249167964e-01,2.413195806323741976e+00
4.676790818991531040e+00,-2.687893806187489076e+00,-6.989967933834471125e-01
2.103438938272375935e+00,-3.304074283266341894e+00,-4.504709628260307852e+00
3.860774388235567400e+00,4.100600631717947309e+00,1.206197565167146202e+01
-1.075929895089694277e+00,-4.713615382118306663e+00,-1.050316065932630849e+01
-2.153131557450560507e-01,-2.299740000581377508e+00,-4.814793156907811067e+00
2.888448158605065430e+00,-6.752448693499912835e-01,1.537958419905082863e+00
3.131691630546637128e+00,2.898107836770813961e+00,8.927907304088265050e+00
2.462853844946934601e+00,3.764532631063502777e+00,9.991919107073940154e+00
6.838331619108073411e-01,-1.807580489232267773e+00,-2.931327816553728205e+00
2.036357498131282640e-01,3.356583176317933237e-01,8.749523850767149113e-01
-4.056390878704050351e+00,2.279235821557705322e+00,5.020807644113602919e-01
1.564346565405384304e+00,2.122909889232174052e-01,1.988928543251819114e+00
2.927050178526100055e+00,-4.249819099651096721e+00,-5.572588020776093387e+00
2.344120144058619459e+00,-4.905115548482312349e+00,-7.466110952906005238e+00
4.642471785119717254e-02,2.648167629202434981e+00,5.342759976256067134e+00
1.901226014067539438e+00,-1.694647696874760356e+00,-1.488069379681981275e+00
4.364107789309244367e+00,-4.599381682964699181e+00,-4.834655576620153994e+00
2.154335436525296466e+00,4.675853050652722942e+00,1.150604153783074324e+01
-1.540023356954968392e+00,-9.195389208587068097e-01,-3.379101198672382012e+00
2.360325340902979185e+00,1.241968080496517857e+00,4.844261501896014899e+00
-1.715086980080796408e+00,7.096415920511836006e-01,-2.958037959784292070e-01
-3.558084339416777375e+00,3.978234341214502479e+00,4.398384343012227582e+00
-4.087147928663911856e+00,3.331138430294853237e-01,-3.420920242604941208e+00
-2.320168161509421623e+00,-3.187209638650615240e+00,-8.694587438810652102e+00
-4.080597541124387995e+00,1.796804996450141800e+00,-4.869875482241043940e-01
-4.217074845065283739e+00,-2.695089959815020197e+00,-9.607254764695323246e+00
1.449366608963060798e-01,-4.574412527544136964e+00,-9.003888394191967848e+00
-1.024713867139212198e+00,-5.580450102082412656e-01,-2.140803887555694729e+00
2.290602368126434030e+00,-2.305692576717806030e+00,-2.320782785309178031e+00
-1.438607406867347116e+00,-3.283786451166225362e+00,-8.006180309199798728e+00
3.227215479357921524e+00,9.226945381404840774e-01,5.072604555638889678e+00
-3.594619394599237516e+00,1.333984063862676095e+00,-9.266512668738853264e-01
-1.044575821452729869e+00,4.098773190516327602e+00,7.152970559579925336e+00
2.622613268504840889e+00,-4.072437343652027586e+00,-5.522261418799214283e+00
-3.171651249294552777e+00,1.524427186798703815e+00,-1.227968756971451469e-01
-3.640096411421667177e+00,-4.498701950273160222e+00,-1.263750031196798673e+01
1.688302724289418855e+00,2.871339861040635100e+00,7.430982446370689054e+00
-2.020351851976106339e+00,-1.592357793431072643e+00,-5.205067438838251626e+00
-2.325981611531711124e-01,4.322463159300040658e+00,8.412328157446911092e+00
-8.904347781153241215e-01,3.118655067288434779e+00,5.346875356461545437e+00
2.156299219256224475e+00,-1.080926936189818832e-01,1.940113832018260709e+00
-4.989150060540742615e+00,1.677341377687509016e+00,-1.634467305165724582e+00
-4.441761701637463311e+00,-4.969059992443922269e+00,-1.437988168652530874e+01
-1.950772043488421481e+00,2.237374636822796248e+00,2.523977230157171014e+00
-3.744495659387675701e+00,1.176595767832289141e-02,-3.720963744031029918e+00
-3.322597020468267548e+00,-2.011089026800268798e+00,-7.344775074068804699e+00
1.363433848930321268e+00,1.715919716851935561e+00,4.795273282634192391e+00
-4.415048380444769549e+00,4.809767909804008923e+00,5.204487439163248297e+00
4.708455646034053643e+00,1.663378926446078765e+00,8.035213498926211173e+00
2.383507064159699596e+00,1.386191334253567220e+00,5.155889732666834036e+00
-4.553064785168617234e+00,-1.697725621098300497e+00,-7.948516027365218228e+00
-2.991702053796415406e+00,-2.257751972383577943e+00,-7.507205998563571292e+00
-4.938131954608561358e+00,4.637466057442141576e+00,4.336800160275721794e+00
-9.933475423963056272e-01,1.607573093470043624e+00,2.221798644543781620e+00
2.971324853225274509e-01,4.484491414436906354e+00,9.266115314196341046e+00
-3.698969886557358144e+00,-7.032956490324737686e-01,-5.105561184622305682e+00
3.628381090581559221e+00,-9.533812699940567015e-01,1.721618550593445818e+00
1.900912725281662219e+00,-1.805823132172985623e+00,-1.710733539064309028e+00
-3.614153819744511331e+00,-4.514084768961799554e+00,-1.264232335766811133e+01
3.948241200251693783e+00,-3.368660232053279913e-01,3.274509153841037801e+00
2.374689369241348658e+00,3.106894585630593397e+00,8.588478540502535452e+00
1.697885164493985855e+00,4.204994804590276303e+00,1.010787477367453846e+01
4.703049986199602017e+00,4.853593001983648847e+00,1.441023599016689971e+01
-4.979081591594319178e+00,3.612628582593268689e+00,2.246175573592218200e+00
-3.984752347789894955e+00,4.028806705224548423e+00,4.072861062659201892e+00
3.419984836655284965e+00,3.367427332246874627e+00,1.015483950114903422e+01
7.519200284527016720e-03,8.573093237935527355e-01,1.722137847871632488e+00
1.387421556200810535e+00,-1.024683609066240564e+00,-6.619456619316705925e-01
-5.161167546109979298e-02,-2.398112119965606581e+00,-4.847835915392312955e+00
3.645340750932250629e+00,-1.634017650640449126e+00,3.773054496513523759e-01
3.836356268273879877e+00,4.617408725637517364e-02,3.928704442786630224e+00
3.180849541704040107e+00,-5.113238908206128031e-01,2.158201760062814500e+00
9.208039907216249986e-01,6.083604910270601351e-02,1.042476088927037026e+00
-1.864579862373181296e+00,3.969055936644075189e+00,6.073532010914968637e+00
8.338485641580763996e-01,-1.249186934711485009e+00,-1.664525305264893618e+00
2.901249992629448826e+00,2.247302553346530729e+00,7.395855099322510284e+00
5.463681894188887611e-02,6.113219078286826758e-01,1.277280634599254228e+00
9.996619165583346955e-01,-7.343453673832289752e-01,-4.690288182081232549e-01
1.791881734264245907e+00,2.574791787149059097e+00,6.941465308562364100e+00
4.237613168791739326e+00,-1.490880943471186715e+00,1.255851281849365897e+00
-4.474189012090519668e+00,-4.330146928652994553e+00,-1.313448286939650878e+01
6.827791090070354230e-01,4.201529692683489969e-01,1.523085047543733417e+00
3.575352556985421870e+00,-1.451821901169233264e+00,6.717087546469553416e-01
4.493999457600843073e+00,-4.136892230869271714e+00,-3.779785004137700355e+00
3.881923819801082587e+00,-8.364400998495025163e-02,3.714635799831182084e+00
1.794842975952224862e+00,3.655084969947619555e-01,2.525859969941748773e+00
-9.911206262650384957e-02,4.045070075632679618e-01,7.099019525000320741e-01
-2.672292541528840104e+00,9.193758120318804572e-01,-8.335409174650791897e-01
-2.831107837634788460e+00,4.864328928035796196e+00,6.897550018436803931e+00
-1.460319471019237980e+00,-4.156480083456912666e-01,-2.291615487710620513e+00
3.430607897626769542e+00,-4.246209357593450306e+00,-5.061810817560131071e+00
4.977698171605908328e+00,3.821929160575017193e+00,1.262155649275594271e+01
4.640320459971619016e+00,3.015075134081774522e+00,1.067047072813516806e+01
2.305568264576280946e+00,-1.503116870857158283e+00,-7.006654771380356195e-01
-5.448555779316244241e-01,1.891175981843798759e+00,3.237496385755973094e+00
2.361237616155326791e+00,1.899094025089953064e+00,6.159425666335232918e+00
3.046650344471425242e+00,6.623935875606976609e-01,4.371437519592820564e+00
2.850065289566861892e+00,-1.572183081913104630e+00,-2.943008742593473670e-01
3.456488590944839956e+00,-4.827450320243676707e+00,-6.198412049542513458e+00
1.090583972300862570e-01,1.155397370718146632e+00,2.419853138666379522e+00
2.185053075698862202e+00,4.872887166370645673e+00,1.193082740844015355e+01
3.289982797504102052e+00,4.950788564845105100e+00,1.319155992719431225e+01
6.522817528185163027e-01,-3.917930640418951782e-01,-1.313043752652740537e-01
4.403175970625953894e+00,1.773794541019855231e-01,4.757934878829924941e+00
-3.490319806757240517e+00,4.845314028182322375e+00,6.200308249607404676e+00
-2.819148890606011371e+00,-4.787171450551363172e+00,-1.239349179170873683e+01
3.726456853079351816e-01,1.465087222760148578e+00,3.302820130828232337e+00
-3.521593923860978137e+00,-3.048046372155610584e-03,-3.527690016605289358e+00
3.363031982732355374e+00,-2.537311348147028855e+00,-1.711590713561702337e+00
-3.038783977474972531e+00,-3.724580364626878470e+00,-1.048794470672872947e+01
8.104783969379516506e-01,-4.729406691429396403e+00,-8.648334985920840268e+00
1.147978689778152983e+00,3.955485470165466921e+00,9.058949630109086826e+00
-1.498674037219521971e+00,-2.775577913714919465e+00,-7.049829864649360900e+00
1.163850558403210833e+00,2.442994530365865558e+00,6.049839619134941948e+00
-8.002390066054951845e-01,-1.116843412862159823e+00,-3.033925832329814831e+00
-7.676015466215364569e-01,1.798108110574636598e-01,-4.079799245066091373e-01
-4.566277286528928947e+00,-3.491960434225658272e+00,-1.155019815498024549e+01
2.261043488344007812e+00,6.812773758373396049e-01,3.623598240018687022e+00
3.794018936631500694e+00,2.642610305269918136e+00,9.079239547171336966e+00
-4.964065079415713733e+00,-4.561375119587758320e-01,-5.876340103333265397e+00
4.990246703421821195e-01,-2.074118413453498455e+00,-3.649212156564814791e+00
-4.814202328002910036e+00,-3.951659307242359809e+00,-1.271752094248762965e+01
1.846579210060587783e+00,1.241258424685844908e+00,4.329096059432277599e+00
1.225656569011600361e+00,3.005559669020383851e+00,7.236775907052368062e+00
3.228965336168998945e+00,3.414805250628809574e-01,3.911926386294760860e+00
-4.232984813315502137e+00,-4.965757659597894502e+00,-1.416450013251129114e+01
3.712686021121589519e-01,3.628021627188097398e+00,7.627311856488353747e+00
3.796877056724143884e-01,3.579729981401856165e+00,7.539147668476126718e+00
-7.037365548184428832e-01,-2.764666276693352742e+00,-6.233069108205148368e+00
7.421350379696303179e-01,-3.334397462601683682e+00,-5.926659887233737045e+00
-3.752039326591050994e+00,4.168203327089830879e+00,4.584367327588610763e+00
-2.957098543603648988e+00,-3.972630094202120876e+00,-1.090235873200789030e+01
2.566624703372601957e-01,2.928259775326935710e-01,8.423144254026473376e-01
-2.025897883295622037e+00,3.918074531042819331e+00,5.810251178790016624e+00
2.106345935095248478e-01,-1.025952044729176116e+00,-1.841269495948827384e+00
4.079314638328011000e-01,-2.224549451092695307e+00,-4.041167438352589514e+00
-1.339273429310154917e+00,-3.318651157845561528e+00,-7.976575745001277973e+00
-1.655467592130579479e+00,1.344928503620140603e+00,1.034389415109701726e+00
1.530361604278490439e+00,-5.264186458142425806e-01,4.775243126500052782e-01
4.089689217071732941e+00,-4.487631129982433187e+00,-4.885573042893133433e+00
1.261757777095002808e+00,-4.315197849431870125e+00,-7.368637921768737442e+00
2.610439071530126220e+00,1.870849886927864247e+00,6.352138845385854715e+00
4.139843996605998555e-01,-1.953941227487172583e+00,-3.493898055313745310e+00
-3.102588679538821559e+00,-9.938425324219828383e-01,-5.090273744382787235e+00
-4.629970822230054850e+00,-4.807020722276600821e+00,-1.424401226678325649e+01
1.079533746403981809e+00,-3.419970455520350505e+00,-5.760407164636719202e+00
1.562217991103809211e-01,-7.410984514900951226e-01,-1.325975103869809324e+00
-5.983658018940403167e-01,-3.344289920270825611e+00,-7.286945642435691539e+00
3.347348827205307131e+00,2.557506435338905426e+00,8.462361697883117984e+00
1.693778861957829562e+00,3.924479031719382505e+00,9.542736925396594572e+00
-4.618962811281662084e+00,4.583014252733992322e-01,-3.702359960734863620e+00
-1.161337242380877655e-02,2.077756257126976536e+00,4.143899141830144295e+00
-2.045064126663380666e+00,1.589198294983722448e+00,1.133332463304064230e+00
1.883297622070112531e+00,2.114041164495689351e+00,6.111379951061491234e+00
3.668707208864748992e+00,-5.859208569408558276e-01,2.496865494983037337e+00
-3.244032506455978293e+00,4.040319659124410379e+00,4.836606811792842464e+00
-3.024609899434578253e+00,1.749427882117934097e+00,4.742458648012899403e-01
9.286444352911864542e-01,-1.694251086576677778e+00,-2.459857737862169103e+00
-4.939450602434312998e+00,-2.297860776897295843e+00,-9.535172156228904683e+00
-3.441177171823698089e+00,1.926040136710830630e+00,4.109031015979631718e-01
3.741139213617570292e+00,4.605597315770799227e+00,1.295233384515916875e+01
4.557746651684544403e+00,1.215830743103785139e-01,4.800912800305301431e+00
-1.638101398392641794e+00,-3.507411707933790979e+00,-8.652924814260224196e+00
1.083091951468555081e+00,-6.209259048868043251e-01,-1.587598583050535694e-01
-1.579991878277881234e+00,-4.858787681004361758e-02,-1.677167631897968469e+00
3.048180860088898214e-01,-4.989271607913905449e+00,-9.673725129818921076e+00
-1.548450127884783978e+00,-2.328262422445472879e-01,-2.014102612373878554e+00
2.538957166521260689e-01,1.992644565109769061e-01,6.524246296740798812e-01
3.854380355413754344e+00,-3.012875280352250940e+00,-2.171370205290747535e+00
-2.420317729816948926e+00,-4.207200591207738150e+00,-1.083471891223242523e+01
-2.214151556520485897e+00,-1.997453419517723816e+00,-6.209058395555933529e+00
3.744305184064202763e+00,1.694954412301679092e+00,7.134214008667560947e+00
-4.960624140403735893e+00,4.146617049742197025e+00,3.332609959080658157e+00
1.800618389767052463e+00,3.158569772580428037e+00,8.117757934927908536e+00
6.913423252419823584e-01,-2.807649054999750149e-02,6.351893441419873554e-01
3.963333360009750450e+00,-1.535205257366708764e+00,8.929228452763329216e-01
2.277671689502169805e+00,2.074135048224005295e+00,6.425941785950180396e+00
-9.877235067739444929e-01,-2.483452171036134359e+00,-5.954627848846213212e+00
4.900002412945529073e+00,-4.664664223514776609e+00,-4.429326034084024144e+00
2.833648834772731995e+00,-2.586471686205182863e+00,-2.339294537637633731e+00
-7.909375286369302316e-01,1.266626252552481624e+00,1.742314976468033016e+00
-1.526015175044177496e+00,4.572726178971773692e+00,7.619437182899369887e+00
-4.084064176705588523e-01,1.095700618877869736e+00,1.782994820085180621e+00
4.742443270831667945e+00,-3.823065592807846969e+00,-2.903687914784025992e+00
-3.126021596161691285e+00,2.068721341084799548e+00,1.011421086007907810e+00
-4.865868715670274014e-02,4.641513097056353843e+00,9.234367506956004945e+00
1.833546671525585481e+00,-3.555687504320327541e+00,-5.277828337115069601e+00
4.545329270383435372e+00,7.287723736312310407e-01,6.002874017645897453e+00
-4.473388026105606485e+00,-2.654215062492589539e+00,-9.781818151090785562e+00
3.154216521708917753e+00,2.067156972205732579e+00,7.288530466120382911e+00
3.004111847908855992e+00,3.952023867896697240e+00,1.090815958370225047e+01
-4.768326439458102861e+00,3.269280853111837359e+00,1.770235266765571858e+00
-7.393235055898941255e-01,-3.057853148975353541e+00,-6.855029803540601208e+00
3.732013422036164485e-01,-6.387527751447041879e-01,-9.043042080857919274e-01
2.094039032507124531e-01,-1.860291380035725695e-01,-1.626543727564326858e-01
9.188318809868611936e-02,-3.046347209009091728e+00,-6.000811229919497336e+00
4.074506817366197353e+00,-4.043549818722197209e+00,-4.012592820078197065e+00
-1.175305640031272247e+00,1.098370111572666730e+00,1.021434583114061212e+00
1.609602020758956087e+00,1.319643848647880091e-01,1.873530790488532105e+00
-3.109883446166925580e-01,-1.284746131087405097e+00,-2.880480606791502751e+00
3.169980433528095887e+00,4.142368638674360781e+00,1.145471771087681745e+01
-4.140197123103208199e+00,3.467148335003834347e+00,2.794099546904460496e+00
2.102321739456250782e+00,1.929217818961289410e+00,5.960757377378829602e+00
-2.494508904069745459e+00,2.176640800512137375e+00,1.858772696954529291e+00
-7.802299268473698035e-01,2.600285447459027566e+00,4.420340968070685328e+00
4.141817846827233751e+00,-1.087956003404025651e+00,1.965905840019182449e+00
4.623215499576120990e+00,1.266762818560014381e-01,4.876568063288123867e+00
4.035329172970971712e+00,-1.758826367646598499e+00,5.176764376777747145e-01
3.480721462281096024e+00,2.463709704716338322e+00,8.408140871713772668e+00
4.183198136802420919e+00,-1.767973174844179596e+00,6.472517871140617274e-01
4.610226532678884936e-01,-7.108640340884289088e-01,-9.607054149089693240e-01
2.968819639670925881e+00,-2.813946671001969158e+00,-2.659073702333012434e+00
2.174194828459683038e+00,8.437648713630450104e-01,3.861724571185773058e+00
1.369472085210121648e+00,1.410847640361774680e+00,4.191167365933671007e+00
-7.323833499904175426e-02,-1.230748477977544830e+00,-2.534735290954131415e+00
-6.582369845647004780e-01,-3.084333393143491087e+00,-6.826903770851682651e+00
-8.698663826032255741e-01,3.887990229592711344e+00,6.906114076582197114e+00
3.970355477798310773e+00,-2.642595718787341674e+00,-1.314835959776372576e+00
4.292893734052128707e+00,-3.911089695631603469e+00,-3.529285657211078231e+00
4.225538666440371571e+00,-4.043408605669515765e+00,-3.861278544898659959e+00
-2.184924769033196323e+00,-4.060253303867251695e+00,-1.030543137676770016e+01
-5.482539824113636939e-01,2.783396780144919092e+00,5.018539577878474489e+00
-4.360243147831392996e+00,-2.841818765447436945e+00,-1.004388067872626777e+01
2.387355185090346055e+00,-3.085776038939513910e+00,-3.784196892788681765e+00
1.672149794360743513e+00,4.834552372073366300e+00,1.134125453850747611e+01
1.448410598080385192e+00,-1.743934627043354446e+00,-2.039458656006323700e+00
3.885310258900357638e+00,-1.949146722634869100e+00,-1.298318636938056159e-02
1.675198002882805071e-01,3.186410100818724445e+00,6.540340001925729396e+00
3.331292873841643853e+00,3.084960048039915748e+00,9.501212969921475349e+00
8.260187977746413779e-01,-4.170602567649482673e+00,-7.515186337524323967e+00
-4.660270617644634683e+00,-4.675789965761500966e-01,-5.595428610796934876e+00
-4.640733413171307831e+00,4.608654181828653051e+00,4.576574950485998272e+00
1.367896690226451994e+00,-3.838006828666128634e+00,-6.308116967105805273e+00
2.290113236820907616e-01,8.292313930266193012e-01,1.887474109735329364e+00
-4.013606194617858058e+00,3.872864502791093955e+00,3.732122810964329851e+00
-4.412767778245711980e-01,-2.867065826283198504e+00,-6.175408430390968206e+00
1.136177911995861933e+00,1.464486484214495121e+00,4.065150880424852176e+00
-4.817557176113517414e+00,1.686198670441250158e+00,-1.445159835231017098e+00
3.617208636236910024e+00,-3.498946947330487944e+00,-3.380685258424065864e+00
1.887067755627327870e+00,3.594297472180036479e+00,9.075662699987400828e+00
-1.591525085729800004e+00,-4.763108059540299699e+00,-1.111774120481040029e+01
-4.648812783474435051e+00,-4.068152466271980572e+00,-1.278511771601839619e+01
7.672750740736367092e-01,2.364877688992158333e+00,5.497030452057953376e+00
-3.858886381643584773e+00,-5.216869602538896089e-01,-4.902260302151363547e+00
4.395953274186224391e+00,1.951067177810746678e+00,8.298087629807717747e+00
-4.426240040976029633e+00,-1.987387523067394302e+00,-8.401015087110817348e+00
2.003495388972052815e+00,-2.558476019552273772e+00,-3.113456650132494730e+00
2.993504904711020487e+00,4.084432660980004570e+00,1.116237022667102963e+01
-4.064267321087582374e+00,-3.801008780415440214e+00,-1.166628488191846280e+01
3.175218090693611828e+00,3.554310652927995307e+00,1.028383939654960244e+01
1.592034432291793422e-01,8.847334098062784591e-01,1.928670262841736260e+00
-6.896470380147103896e-01,-4.139471506055082628e+00,-8.968590050124875646e+00
-3.562890349356806485e+00,-1.656654700834957694e+00,-6.876199751026721430e+00
4.690498950463682704e+00,1.614792151496823536e+00,7.920083253457329775e+00
1.595161286863308270e+00,1.534907367633100428e+00,4.664976022129509126e+00
-1.125971816613002829e-01,4.447587229641143836e+00,8.782577277620987388e+00
4.003770290713262625e+00,4.711177548829446948e+00,1.342612538837215652e+01
-3.840026376619539938e+00,-2.229553444352697866e+00,-8.299133265324936559e+00
3.160178057073942171e+00,-3.347987335996567282e-01,2.490580589874628714e+00
-3.661412581544772671e+00,-4.314362000186509505e+00,-1.229013658191779257e+01
1.649963614894904396e+00,-3.071851204275430014e+00,-4.493738793655955632e+00
-4.010690800049169447e+00,2.283950096377354022e+00,5.572093927055385976e-01
-2.587833398384130845e+00,-2.527385609223036234e+00,-7.642604616830203312e+00
-3.437229681425280070e+00,4.294759211355863471e+00,5.152288741286446871e+00
-3.079915331403728640e+00,3.575023824438185116e+00,4.070132317472641148e+00
-2.645193970047251319e+00,-2.484846738672738198e+00,-7.614887447392727715e+00
-1.431461721345952398e-01,4.297716562730476753e+00,8.452286953326357377e+00
5.180854434907740114e-01,-2.848630590178717892e+00,-5.179175736866661772e+00
-3.053669676926986654e+00,-2.197182339808310125e+00,-7.448034356543606904e+00
-8.583848058911058843e-01,-3.067718924313288298e+00,-6.993822654517682480e+00
-1.455339266043427227e+00,-3.312566164682726466e-01,-2.117852498979972520e+00
3.771773945296436281e+00,3.392742817576692715e+00,1.055725958044982171e+01
-3.467572002918294594e+00,3.006759397709618753e+00,2.545946792500942912e+00
1.394350537924273326e+00,3.393393626254557205e+00,8.181137790433387735e+00
2.023746977146894110e+00,9.747871281755182693e-01,3.973321233497930649e+00
-3.029797966743407400e+00,4.911561199378306597e+00,6.793324432013205794e+00
-1.608064832269513467e+00,2.771258242536074334e+00,3.934451652802635202e+00
-1.692829470359248134e+00,-2.677674006417411157e+00,-7.048177483194070447e+00
5.419273897988894362e-01,-2.157803470382715361e-01,1.103666957223463641e-01
-3.692271142238268133e+00,-3.588163418957037720e-01,-4.409903826029675677e+00
-4.230931555748331796e+00,4.068827162779925288e+00,3.906722769811518781e+00
-2.803106330178408712e-01,4.675288383196171793e+00,9.070266133374502715e+00
-4.531670002137468956e+00,-1.460013823284319834e+00,-7.451697648706108623e+00
-4.111195544811146796e+00,-2.073761545418861818e+00,-8.258718635648870432e+00
2.822040999956385576e-01,1.248522947376111247e+00,2.779249994747861052e+00
2.339941053427785356e+00,-1.519946893188923731e+00,-6.999527329500621065e-01
7.399415745192126082e-01,2.455723096545291639e+00,5.651387767609795887e+00
-2.374437085431209127e+00,8.822182868376913234e-01,-6.100005117558264800e-01
-4.978450387378825504e+00,-2.368475561216449865e+00,-9.715401509811725234e+00
-1.461873257605960319e+00,-1.469081714213028356e+00,-4.400036686032017030e+00
2.467625313640744444e+00,1.520965437087244965e+00,5.509556187815234374e+00
2.642181074235873339e+00,3.538970501610585018e+00,9.720122077457043375e+00
2.432381514872252737e-01,3.160603538172203741e+00,6.564445227831632756e+00
3.329320849233505797e+00,-1.366036425782298558e+00,5.972479976689086811e-01
4.145336755253017813e+00,3.271899009356532773e+00,1.068913477396608336e+01
4.727648143459727947e+00,-1.206925088938375357e+00,2.313797965582977234e+00
3.846691885455989279e+00,3.546106636636029208e+00,1.093890515872804770e+01
1.046429708774412326e+00,-3.504843484356162442e+00,-5.963257259937912558e+00
1.801288052801901074e+00,4.939718054591661911e-01,2.789231663720233456e+00
4.417030304380446637e+00,-2.957755205844799562e+00,-1.498480107309152487e+00
-1.071101447808286977e-01,9.656725433602044717e-01,1.824234941939580246e+00
6.213385248157070606e-01,4.749308505339422837e+00,1.011995553549455273e+01
1.920951862257406439e+00,-2.109083683713470769e+00,-2.297215505169535099e+00
-8.804949328661102470e-01,1.194237200935060805e+00,1.507979469004011364e+00
-4.084489349983369877e+00,-3.284115074447294447e+00,-1.065271949887795877e+01
3.665369480189182738e+00,-4.212549187116118254e+00,-4.759728894043053771e+00
-2.796800301192075899e+00,2.904456991700588020e-01,-2.215908902851958295e+00
1.293807862327569502e+00,-2.920032358077926382e+00,-4.546256853828283262e+00
-3.693572420401591838e+00,-7.980321896337363441e-01,-5.289636799669064970e+00
7.562042862487245998e-01,-3.734808610954068797e+00,-6.713412935659412994e+00
4.562735360697576681e+00,3.794316305960261815e+00,1.215136797261810031e+01
3.360528380584458574e+00,-4.649410800600954907e+00,-5.938293220617451240e+00
1.914604999055998569e+00,-4.353745896878285393e+00,-6.792886794700572217e+00
1.721916376082116784e+00,-4.307036567598368393e+00,-6.892156759114620002e+00
5.220128331184534787e-01,4.031355412977152497e+00,8.584723659072757584e+00
-4.200177482944498664e+00,-2.493836075783558925e+00,-9.187849634511616514e+00
-1.791393793000387369e+00,4.503980548898454117e+00,7.216567304796520865e+00
-4.215548582625734397e+00,4.632520881264609258e+00,5.049493179903484119e+00
-4.788673475833920889e+00,3.748793280968984121e+00,2.708913086104047352e+00
3.848232866472447000e+00,-6.684388544606436611e-01,2.511355157551159678e+00
2.541428416351489972e-01,-4.751589204354802476e-01,-6.961749992358114980e-01
-1.884173433982245793e+00,2.772023754471070411e+00,3.659874074959895029e+00
1.082980673413595163e+00,3.617478044479994992e+00,8.317936762373584259e+00
-4.625594968267322749e+00,4.275670829241992266e+00,3.925746690216661783e+00
-3.752747737721513488e-01,4.582138409077550989e+00,8.789002044382950629e+00
4.424756169622197532e+00,-8.494268577189503233e-01,2.725902454184296886e+00
3.941235516468429623e+00,3.483910181458409028e+00,1.090905587938524768e+01
2.171289902345844069e+00,-1.746017502799741550e-01,1.822086401785895760e+00
-7.199939842011646718e-01,-1.696703619246091588e+00,-4.113401222693347847e+00
-1.601486345659953514e+00,-3.632276223653194691e+00,-8.866038792966342896e+00
9.274985578303986955e-01,3.886840541864849286e+00,8.701179641560097267e+00
3.088584164509116547e+00,4.954465319445393590e+00,1.299751480339990373e+01
7.388672340775217506e-01,1.267069895265061419e+00,3.273007024607644588e+00
-2.299608664556858084e+00,-2.867333582960215566e+00,-8.034275830477289659e+00
2.500451856143694584e+00,1.846986966177833978e+00,6.194425788499362540e+00
3.512915751663328479e+00,-3.157565369288386492e-01,2.881402677805651180e+00
-1.888090856604063283e+00,4.265316351417229868e+00,6.642541846230396452e+00
-3.998677989771967312e+00,-4.243345631236516979e-01,-4.847347116019270707e+00
-1.562299773444707718e+00,8.062920047559707371e-02,-1.401041372493513570e+00
-4.530819949885239950e+00,-1.306603888196211649e+00,-7.144027726277663248e+00
2.526399680070205989e+00,-1.473633202125331998e+00,-4.208667241804580073e-01
1.494664931179165102e+00,2.141915040290653494e+00,5.778495011760472089e+00
3.112432438064109519e+00,-9.434486388102305554e-01,1.225535160443648408e+00
3.667867537770058917e+00,1.227116945966026940e+00,6.122101429702112796e+00
-2.441904684218907384e+00,2.766845686072930910e+00,3.091786687926954436e+00
-2.996208893148146757e-01,3.063787276920129088e-01,3.131365660692111419e-01
4.174700178010025908e+00,-3.546684823922640284e+00,-2.918669469835254660e+00
1.255210170232903266e+00,1.455702269514663527e+00,4.166614709262230321e+00
1.378185192454823849e+00,4.849249174691475872e+00,1.107668354183777559e+01
-1.317477309194891255e+00,1.851895610270185344e+00,2.386313911345479433e+00
-1.380460236762971249e+00,-1.137276521158332443e+00,-3.655013279079636135e+00
4.438684967852957186e-02,-3.557390338403200403e+00,-7.070393827127871234e+00
1.592674909311192266e+00,4.826945515169938972e+00,1.124656593965107021e+01
4.510050256596354501e+00,-5.789093618736398383e-01,3.352231532849074824e+00
3.501670762456976504e-01,-2.812442224324112949e+00,-5.274717372402528248e+00
1.984760732894218727e+00,-1.114633446360574709e+00,-2.445061598269306913e-01
9.568370948299378398e-01,-4.506998801355548423e+00,-8.057160507881159006e+00
-3.607123530888378671e+00,2.552736051541499407e+00,1.498348572194620143e+00
1.392265061408543225e+00,-1.024516580476476868e+00,-6.567680995444105108e-01
2.007673207086550171e+00,-4.639837431734262552e+00,-7.272001656381974932e+00
-4.393601277326317778e+00,4.164630108691266486e+00,3.935658940056215194e+00
2.786650992942220739e+00,-4.139144149786078586e+00,-5.491637306629936433e+00
-3.442636383096846497e+00,-1.221156821076796462e-02,-3.467059519518382427e+00
9.660441424201700045e-01,5.015614592237032099e-01,1.969167060867576424e+00
-1.408509360843821501e+00,9.403846342568549233e-01,4.722599076698883458e-01
-4.622792653372749250e+00,-4.025396879306888387e+00,-1.267358641198652691e+01
4.853858976050094753e+00,4.426761246491171420e+00,1.370738146903243759e+01
-4.623111620952031764e+00,-1.031130534907926943e+00,-6.685372690767885651e+00
-1.278044268435960529e+00,1.630693682965903335e+00,1.983343097495846141e+00
3.087844481530922280e+00,6.632179500578070375e-01,4.414280381646536355e+00
4.456399936389836114e+00,3.861350002263099768e+00,1.217909994091603565e+01
-2.318374931587952048e-01,-9.431307736520562202e-01,-2.118099040462907645e+00
9.087885569566829247e-01,-4.031343483034528496e+00,-7.153898409112374068e+00
-2.500336431979532037e+00,4.430013357339397828e+00,6.359690282699263619e+00
3.452044609692002552e+00,-4.990355089378777365e-01,2.453973591816247080e+00
-4.154771104110153601e+00,5.129016411701812217e-01,-3.128967821769791158e+00
-7.714168511564478692e-01,-4.994282547468920086e-03,-7.814054162513857094e-01
1.532393082870536993e+00,2.039434466631472098e+00,5.611262016133481190e+00
-2.975392781150401067e+00,4.928560740129041662e+00,6.881728699107682701e+00
-3.427843478663165300e+00,-4.029099011423769028e+00,-1.148604150151070336e+01
-2.214231736494466141e+00,-1.051713661824638990e+00,-4.317659060143744121e+00
-4.055545889820003858e+00,1.782569171305947719e+00,-4.904075472081084186e-01
-2.536009145245491148e+00,3.162829023330033351e+00,3.789648901414575555e+00
-4.282024573151780089e+00,-1.385501417810024449e+00,-7.053027408771828988e+00
-6.009232587672252990e-01,1.035799635173041189e+00,1.470676011578857079e+00
8.719029640865372244e-02,-2.429114945926627023e+00,-4.771039595444600323e+00
-1.129892448249783854e+00,1.448583348052370212e-01,-8.401757786393098115e-01
2.660995743901354516e+00,-3.339476845029295760e+00,-4.017957946157237004e+00
4.967321926950065247e+00,-3.558898094910997401e+00,-2.150474262871929554e+00
1.601010202653695202e+00,3.070422673764314325e+00,7.741855550182323853e+00
4.944005889965339406e+00,-2.397438344367212260e+00,1.491292012309148873e-01
-4.606095823469612327e+00,-4.388457799288781658e+00,-1.338301142204717564e+01
-2.981941094354114696e+00,-1.407619420494834461e+00,-5.797179935343783619e+00
-1.209202114372892822e+00,-1.346363098542990855e-02,-1.236129376343752639e+00
4.312977434864665227e+00,-3.729174994162641532e+00,-3.145372553460617837e+00
-1.675889906608966307e+00,2.660551341214317134e+00,3.645212775819667961e+00
-3.022159123972624428e+00,2.997724751521067432e+00,2.973290379069510436e+00
2.668231049962386692e+00,1.993753337096698885e+00,6.655737724155784463e+00
-1.215189921714618038e+00,-2.228308712436555261e+00,-5.671807346587728560e+00
-1.672853746973185451e+00,-3.962792768711855818e+00,-9.598439284396896198e+00
2.495539670777731089e+00,-2.397326558578936062e+00,-2.299113446380141035e+00
-9.532457426362110908e-01,6.265208967523729910e-01,2.997960508685348913e-01
-4.803182938453922191e+00,-3.441372589479569921e+00,-1.168592811741306292e+01
-4.861063974191717207e+00,2.171601339402470465e+00,-5.178612953867762769e-01
-4.554995470964088966e+00,2.039140126741357584e+00,-4.767152174813737986e-01
6.041594675688610749e-01,4.217388634132698044e+00,9.038936735834257163e+00
-1.650708473902558815e+00,-1.653019436000453535e+00,-4.956747345903465884e+00
1.220535904100879421e+00,4.993494375198672230e+00,1.120752465449822388e+01
1.665271821816570963e+00,2.362734035405394728e+00,6.390739892627360419e+00
1.950571106626577844e+00,2.817767339538614024e+00,7.586105785703805893e+00
1.684138266432197106e+00,4.462706868294544549e+00,1.060955200302128532e+01
-1.749139976782737804e+00,-3.040152808357868608e+00,-7.829445593498475020e+00
-1.240294136639281675e+00,4.638863805022332087e+00,8.037433473405382500e+00
1.574490197962009397e+00,2.901109306719851233e-01,2.154712059305979643e+00
-2.675502272460291486e+00,4.627729048983168170e+00,6.579955825506044853e+00
-2.416076483076706971e+00,1.399944768611867119e-01,-2.136087529354333547e+00
-3.621876358826516817e+00,2.616340176426992237e+00,1.610803994027467656e+00
1.538799380068756051e-02,3.140198712879325171e+00,6.295785419559337903e+00
-2.691759156322259816e+00,2.518102119198438515e+00,2.344445082074617215e+00
-4.383257188175250008e+00,2.061226604470869361e-01,-3.971011867281076135e+00
1.605554970496818612e-01,-1.290073433755738463e+00,-2.419591370461795066e+00
-4.782166696063773870e+00,-6.664055677933635735e-01,-6.114977831650501017e+00
-3.970901116551637244e+00,-4.025755414421572809e+00,-1.202241194539478286e+01
-4.041580316813272233e+00,-4.280417605661440916e+00,-1.260241552813615407e+01
3.574551909541876071e+00,-3.680079774310471841e+00,-3.785607639079067610e+00
-2.466040519823138322e+00,3.730621827522128342e+00,4.995203135221117918e+00
2.019180058389552279e+00,3.488935722835872610e+00,8.997051504061296612e+00
-3.272064847242623031e+00,4.922668436388653035e+00,6.573272025534683038e+00
-3.493581122337431566e+00,-1.988174091930431153e+00,-7.469929306198293872e+00
-1.430927399039009451e+00,6.145134051031000411e-01,-2.019005888328093690e-01
1.608038458708950458e+00,3.949643341916342365e-01,2.397967127092218931e+00
9.950007371290601199e-01,4.551283619153426940e+00,1.009756797543591489e+01
3.579977079485413327e+00,2.866726200313520323e+00,9.313429480112453973e+00
3.435635659498892380e+00,-3.897362448594208217e-01,2.656163169780050737e+00
2.285896602535824940e+00,-7.539136975361682147e-01,7.780692074634885103e-01
4.647574471611903846e-02,2.897423699074571424e+00,5.841323142865261886e+00
3.805146789715665889e+00,-1.475263386275502686e+00,8.546200171646605170e-01
-4.260789106153232808e+00,-1.327266961416514235e+00,-6.915323028986261278e+00
2.897218415539537517e+00,2.337687154046250271e+00,7.572592723632038059e+00
-3.114040266780551125e+00,2.054465961225656834e+00,9.948916556707625425e-01
-4.945018421177235446e+00,3.726983394090071400e+00,2.508948367002907354e+00
-7.722876272366097083e-02,-3.359098402240554559e+00,-6.795425567204770090e+00
2.682048536098012192e+00,4.945364399281848122e+00,1.257277733466170844e+01
-1.735490796325186658e+00,-9.892418467622263734e-01,-3.713974489849639404e+00
3.043080985384193582e+00,3.926725824777289375e+00,1.089653263493877233e+01
1.828253323404043229e+00,4.449342799701557993e+00,1.072693892280715922e+01
2.254201192677387056e+00,1.047830876183249771e+00,4.349862945043886597e+00
4.519986316706766871e+00,-3.007449893467306623e-01,3.918496338013305547e+00
2.862586798253142106e+00,-3.584353281396588375e+00,-4.306119764540034645e+00
3.579554066077319519e+00,-7.883506260256787357e-01,2.002852814025962047e+00
-2.995662155269775084e+00,4.000174219190345326e+00,5.004686283110915568e+00
-3.881870888002139086e+00,1.957213017213684125e+00,3.255514642522916446e-02
-3.392764370389481421e+00,3.902593391379085119e+00,4.412422412368688818e+00
4.071256763105239429e+00,3.644098143603587303e+00,1.135945305031241404e+01
4.236210710102602306e+00,-1.857551205040745224e+00,5.211083000211118588e-01
1.531270841264386284e+00,-2.988261856129623695e-01,9.336184700384615454e-01
-3.928583091517925396e-01,-4.903693854129049789e+00,-1.020024601740989212e+01
-1.090628785048454397e+00,-4.425108604909302912e+00,-9.940845994867061108e+00
4.271849308510267562e+00,-2.168582423605148968e+00,-6.531553870003037332e-02
2.238910458516940594e-01,3.973708078213407546e+00,8.171307202278509152e+00
4.834234376069968420e+00,2.607773081887952316e+00,1.004978053984587305e+01
-7.434525536762812692e-01,2.184760415239905385e+00,3.626068276803529500e+00
7.951749289247853625e-01,-1.780378023282453981e+00,-2.765581117640122599e+00
-4.904998705857498642e+00,-2.894186667927014511e-01,-5.483836039442901544e+00
-2.714066033008311063e+00,4.432791373638622190e+00,6.151516714268932873e+00
2.807195831989845125e+00,1.333511773477022544e+00,5.474219378943890213e+00
-1.072934726674348305e+00,2.087515210280876943e+00,3.102095693887405581e+00
-6.008382726554950537e-01,-3.137391957982058610e+00,-6.875622188619612274e+00
-2.889018066409549057e+00,-2.313593319972839790e+00,-7.516204706355228637e+00
-2.827381558223172053e+00,2.172807557505479714e+00,1.518233556787787375e+00
-9.441489959593685199e-02,-7.497264971651453891e-01,-1.593867893926227630e+00
2.434775293462524637e+00,2.714375808626822817e+00,7.863526910716170271e+00
-2.417854598595785554e+00,9.634904082805189063e-01,-4.908737820347477410e-01
1.328644907478739867e+00,-3.631944439656993318e+00,-5.935243971835246768e+00
-3.980779755498234707e+00,-8.928428389633520368e-01,-5.766465433424938780e+00
1.678933430880363176e+00,8.841554617708435870e-01,3.447244354422050350e+00
-4.420975711647969320e+00,-5.502149943257030884e-01,-5.521405700299375496e+00
-3.672288928166540511e+00,3.299654129780350331e+00,2.927019331394160151e+00
2.526164664964946738e+00,4.014609096059881921e+00,1.055538285708471058e+01
-2.390025779741922207e-01,2.344635037631674912e+00,4.450267497289157603e+00
-2.737510662211506407e+00,2.992370238549887596e+00,3.247229814888268784e+00
7.586065134101716012e-01,2.471595615069589691e+00,5.701797743549350983e+00
-2.288411278769642010e+00,-2.562363683661051716e+00,-7.413138646091745443e+00
3.302174578681126960e+00,-1.904754376722457287e+00,-5.073341747637876153e-01
2.352724884513701653e-01,-4.889576044803614963e+00,-9.543879601155859760e+00
3.341480315475511276e-01,-3.832681439766787435e+00,-7.331214847986023742e+00
-3.145829176074964373e+00,4.193247174970421653e+00,5.240665173865878934e+00
-5.806716000986380521e-01,-3.991851532933097246e-01,-1.379041906685257501e+00
-4.369375567096884794e+00,-1.797320771880385415e+00,-7.964017110857655624e+00
-4.541416386575541253e+00,-4.490242509660125059e+00,-1.352190140589579137e+01
-1.569995710047665582e+00,-4.603023727626943895e+00,-1.077604316530155337e+01
9.416898654983940631e-01,-2.085560617266555283e-01,5.245777420450830064e-01
-4.527682085299893799e+00,-1.064543808170705930e-01,-4.740590846934034985e+00
3.709691927205245321e-01,4.923152867082251305e+00,1.021727492688502714e+01
-4.041371029097517109e+00,-1.969466967410908875e+00,-7.980304963919334860e+00
-2.533075227181729172e+00,-4.741794019235334723e+00,-1.201666326565239906e+01
-6.600974707550228970e-01,-2.866468609104352083e+00,-6.393034688963727064e+00
1.619632205758252397e+00,-3.205426142330760619e+00,-4.791220078903268842e+00
-4.051633920593610938e+00,2.938993644389677584e+00,1.826353368185744230e+00
2.906492378532265164e+00,6.927001899605711444e-01,4.291892758453407453e+00
-4.681441157871379488e+00,-9.113442419710304776e-01,-6.504129641813440443e+00
-2.241630424047214909e+00,-2.499311163152933002e+00,-7.240252750353080913e+00
2.034649385662691046e+00,2.521954415385869730e+00,7.078558216434430506e+00
-2.995097723591083394e+00,4.001847087734503816e+00,5.008596451877924238e+00
2.330486169614481184e+00,3.697967009299521379e+00,9.726420188213523943e+00
2.419399673309641230e-01,-3.208383505835366023e-01,-3.997367338361090816e-01
-1.217209254753708336e+00,7.395430657289931986e-01,2.618768767042780610e-01
-2.211048438568905539e+00,-2.854935234012382139e+00,-7.920918906593669817e+00
-1.372695270254054911e+00,4.425514721518934991e+00,7.478334172783815070e+00
3.040613407082922492e+00,1.833182418465870711e-01,3.407249890776096635e+00
-3.205935124294331473e+00,1.279640121293478039e+00,-6.466548817073753952e-01
3.821985764711488542e-01,-3.630810130557089455e+00,-6.879421684643030055e+00
-1.252649761224030378e+00,-2.857226416865656926e+00,-6.967102594955344230e+00
2.293102969439678063e+00,4.341605107341962366e+00,1.097631318412360280e+01
3.043459862535899063e+00,-3.498653845931263273e+00,-3.953847829326627483e+00
-1.455086380107586397e+00,2.681416165827020137e+00,3.907745951546453878e+00
-3.599113537627316450e+00,4.863630892677546669e+00,6.128148247727777331e+00
2.022616554093890073e-01,4.440709362088540502e+00,9.083680379586470011e+00
-1.592886121800177968e+00,-9.132863368016064243e-01,-3.419458795403390816e+00
7.457096964254681382e-01,-6.314412267551023916e-01,-5.171727570847366451e-01
-3.696952573323982527e+00,1.407765988317652983e-01,-3.415399375660451931e+00
4.773055021175039769e+00,6.973908175653065200e-02,4.912533184688101073e+00
-5.951979746556359530e-01,-3.959651861600477218e+00,-8.514501697856591278e+00
-3.081305614191948372e+00,-1.185922809462971461e+00,-5.453151233117891294e+00
2.963656285796442802e+00,4.663056864915123612e+00,1.228977001562669003e+01
2.044720824581055751e+00,-3.860751692034765092e+00,-5.676782559488474433e+00
-4.191659864861313700e+00,-1.385670487488214420e+00,-6.963000839837742539e+00
-4.611177055605012676e+00,1.713513555835247004e+00,-1.184149943934518667e+00
-3.617737606633870673e+00,-4.906486399347132377e+00,-1.343071040532813498e+01
8.917224279559832212e-02,7.314807106725158548e-01,1.552133664140630032e+00
1.582186395508133891e+00,1.077357150850328793e-01,1.797657825678199650e+00
2.758465682419321219e+00,-3.917478739310070956e+00,-5.076491796200820694e+00
-3.208899924644065038e+00,3.852052003683294146e+00,4.495204082722523253e+00
3.812905369767223718e+00,-3.110450708786951513e+00,-2.407996047806679307e+00
4.623572604754457416e+00,-1.522790055132694498e+00,1.577992494489068420e+00
7.835138408798751897e-01,-4.290752928010464373e+00,-7.797992015141053557e+00
3.053710959131775482e+00,-1.479833538245175717e+00,9.404388264142404807e-02
2.134861934542502837e+00,-3.855022639274547913e+00,-5.575183344006592989e+00
-5.369420799541355649e-01,6.779584064765789009e-01,8.189747329990222369e-01
2.091820775807865296e+00,-3.259586295639929965e+00,-4.427351815471994634e+00
-9.587142560889203580e-01,-2.439930970785843201e+00,-5.838576197660606759e+00
8.160578584927513646e-02,3.235474468490616928e+00,6.552554722830508993e+00
1.488494656969096219e+00,7.786126818810759076e-01,3.045720020731248034e+00
2.820487683227738351e+00,-3.617743385052971661e-01,2.096939006217144019e+00
2.482596829550791639e+00,4.927505391038456750e+00,1.233760761162770514e+01
-1.509493463789254086e+00,-4.323531841937705344e+00,-1.015655714766466389e+01
-2.103582341401901701e+00,3.672140088969968019e+00,5.240697836538034338e+00
-9.398181974867600985e-01,1.203958704012901393e+00,1.468099210539042687e+00
2.518867209909105398e+00,4.982767271963830069e+00,1.248440175383676554e+01
-4.684990572398604058e+00,-2.132684003045030252e+00,-8.950358578488664563e+00
-7.241420341528703730e-01,-2.440343421825325265e+00,-5.604828877803520903e+00
3.296541243444231384e+00,-2.240475715919996169e+00,-1.184410188395760954e+00
3.010123907328081216e+00,-1.497584890511011402e+00,1.495412630605841287e-02
-9.667170813268430862e-01,-1.562316435627593147e+00,-4.091349952582029381e+00
-3.925097387718330388e+00,-1.082132370925643627e+00,-6.089362129569617643e+00
1.418107571166959957e+00,3.164342140557680594e+00,7.746791852282321145e+00
1.019649093547911001e+00,4.864128245955248175e-01,1.992474742738960636e+00
6.255449353777295940e-01,-3.151934440130968795e+00,-5.678323944884207997e+00
6.991517040735883981e-01,-3.181143041173373209e+00,-5.663134378273158021e+00
4.293355504517561982e+00,4.477704932369212187e+00,1.324876536925598636e+01
-1.455195959951177898e+00,4.737660334664486328e+00,8.020124709377794758e+00
-3.272452275037289748e+00,1.636799132906851639e+00,1.145990776413530199e-03
-4.871716951249151606e+00,-4.028766549593391311e+00,-1.292925005043593423e+01
1.406777398102953214e+00,-3.223107302620260572e+00,-5.039437207137567931e+00
-3.253544167061228620e-02,-3.615045309783180283e+00,-7.262626061236972852e+00
1.906121778868074657e+00,4.876548832599583605e+00,1.165921944406724187e+01
-2.464653892113127576e+00,2.263473615257053595e+00,2.062293338400979614e+00
1.058727060404855536e+00,-1.728231190507983683e+00,-2.397735320611111831e+00
8.438411439592670149e-01,4.263214160018915067e+00,9.370269463997097148e+00
1.555201197496614007e+00,1.318136817834992591e+00,4.191474833166599190e+00
-3.758509147242401482e+00,-4.980347949954625264e+00,-1.371920504715165201e+01
-3.676631199456070753e+00,7.851884160935860280e-01,-2.106254367268898697e+00
-3.591697867559497936e-01,1.864068303183343822e+00,3.368966819610737851e+00
4.812288190869562499e+00,-2.506523085815218543e+00,-2.007579807608745881e-01
2.991904477670265905e+00,2.991641874562796843e+00,8.975188226795859592e+00
1.657074180669298791e+00,1.272994367672788840e+00,4.203062916014876471e+00
1.919864374054878198e-01,-9.929570949793609103e-01,-1.793927752553234001e+00
-1.764534917032670513e+00,3.716667461777209525e+00,5.668800006521748536e+00
-1.574576201029159961e+00,-4.793161472517901700e-01,-2.533208495532740301e+00
1.744366235337845517e+00,-4.085534602431839524e+00,-6.426702969525833531e+00
-2.467348175725013526e+00,1.176921947446649241e+00,-1.135042808317150431e-01
1.028826542419816192e+00,9.671948260404450437e-01,2.963216194500706280e+00
3.203132612825765335e-02,-1.212322080733475360e+00,-2.392612835338693067e+00
-3.875138071398044559e+00,4.870097213110717860e-01,-2.901118628775900987e+00
1.903338973922267030e+00,-1.856059235953286812e+00,-1.808779497984306595e+00
-4.912421483999337646e+00,-3.413829248003106276e+00,-1.174007998000555020e+01
-4.120670727982373549e+00,1.939100218011214238e+00,-2.424702919599450723e-01
-2.422732049339204607e-01,1.773898811122188945e+00,3.305524417310457430e+00
3.087689177338940993e+00,2.946595814008246883e+00,8.980880805355434759e+00
3.938967299476118455e+00,3.097663220096372072e+00,1.013429373966886260e+01
3.779372360643757034e+00,-1.763390587025053247e+00,2.525911865936505407e-01
-3.910117712327390027e+00,2.541031065222769669e+00,1.171944418118149311e+00
4.126910725869201713e-01,-2.555622727592983257e+00,-4.698554382599046342e+00
9.331107642270355385e-01,-3.723596663883919078e+00,-6.514082563540802617e+00
1.833465028397087693e-01,3.137584614992157128e+00,6.458515732824023026e+00
1.759082110772784091e+00,4.136642608315604264e+00,1.003236732740399262e+01
-4.976621494302224669e+00,-1.616834872227830289e-01,-5.299988468747790726e+00
-3.564388384856729264e+00,-1.220252155164414098e+00,-6.004892695185557017e+00
9.513376580936361293e-01,3.638406541586581611e+00,8.228150741266798462e+00
-1.490992928685276553e+00,4.736604115816593463e+00,7.982215302947910374e+00
-4.811974384008868455e+00,5.326588886059555605e-01,-3.746656606796957334e+00
-4.294256854778609522e+00,-2.770007861945069649e+00,-9.834272578668748821e+00
2.977725741340475629e+00,-4.211783572674685061e+00,-5.445841404008894493e+00
3.441923563981330147e+00,7.237443669703758076e-01,4.889412297922081763e+00
2.347444697572744765e+00,-2.700716862793877127e+00,-3.053989028015009488e+00
-2.770492667669528508e+00,2.044879959696395133e-01,-2.361516675730249482e+00
4.302080916020198487e+00,3.730073934042167139e+00,1.176222878410453276e+01
-1.123092523075160720e+00,-1.644013166915824442e+00,-4.411118856906809604e+00
1.804054895729311880e+00,-1.322286062689093100e-01,1.539597683191493260e+00
-1.826305119351159245e+00,-2.686646272845827355e-01,-2.363634373920324716e+00
-7.884231149518736714e-01,2.556827811730811639e+00,4.325232508509749607e+00
-3.342216461876050815e+00,2.557730771338999176e+00,1.773245080801947537e+00
4.130108141270527611e-01,-4.000472908612265677e+00,-7.587935003097478592e+00
2.457963681062098615e+00,-1.501434066585001226e+00,-5.449044521079038361e-01
-3.429824686003044576e-01,3.144788352059158854e+00,5.946594235518013249e+00
3.340134530306455574e+00,1.884274578924156174e+00,7.108683688154767921e+00
-3.992146753148656302e+00,4.878478981161258332e-01,-3.016450956916404635e+00
4.903207599290833940e+00,-1.641218663000230116e+00,1.620770273290373709e+00
-5.546013618894543029e-01,2.752597268963006272e-01,-4.081908096853048562e-03
-4.667252842727246609e+00,-4.842699672422750012e+00,-1.435265218757274752e+01
-9.113276812223141121e-01,-1.406906408433493461e+00,-3.725140498089301033e+00
-1.967529021490153074e+00,-1.766923921747760584e+00,-5.501376864985674686e+00
-1.424248756445662956e+00,-4.344299487964754292e+00,-1.011284773237517243e+01
2.640023308940318003e+00,-4.597224628340166319e-01,1.720578383272284739e+00
-8.447073910986082623e-01,-1.739812943514801091e+00,-4.324333278128210445e+00
-2.833057479483188423e+00,4.621062720113174649e+00,6.409067960743160874e+00
-5.283803507825552970e-01,-2.718848364852069821e+00,-5.966077080486694939e+00
1.776032769433006919e+00,-5.981844211985496429e-01,5.796639270359076335e-01
-1.517834846786612069e+00,3.798600324144306484e+00,6.079365801502000899e+00
8.802878378065521758e-01,1.412620291234135905e+00,3.705528420274823986e+00
4.185463388096174242e+00,-2.363258413018789472e+00,-5.410534379414047024e-01
1.961131956938658050e+00,-7.697439227649516269e-01,4.216441114087547959e-01
-4.232992097213107208e+00,-2.700751095210524255e+00,-9.634494287634154830e+00
1.532867655523868500e+00,1.579513390599518452e+00,4.691894436722905404e+00
-3.081726351630221572e+00,1.983765910813928279e+00,8.858054699976349866e-01
-2.132245859283969924e+00,-3.781721813352826089e+00,-9.695689485989621659e+00
