-1.483313069460926670e+00,4.085795027403191781e+00,1.037180771683997982e+01
2.964326111536377262e+00,-3.717329742696766637e+00,1.352569810142846052e+00
3.240976813150393099e+00,-4.646604262157802978e+00,1.210722179062871717e+00
1.906246916477538633e-02,-3.696964885407467705e-01,-7.390295993508355643e-01
3.472373659863009721e+00,3.389121369984621879e+00,1.883562157367967416e+01
4.889667095953630138e+00,-4.018732118968073586e+00,1.587138007131545869e+01
-3.160193301794426368e+00,-3.880213049058419905e+00,2.226395606589518295e+00
-3.648267367196859290e+00,-1.030543148750258098e+00,1.124876848505298632e+01
2.284856930406066411e+00,8.148646263687053803e-01,6.850300445162043061e+00
-1.451235642612107579e+00,-1.921098053636915992e+00,-1.736111216886055075e+00
1.458847463689711965e+00,-4.428142802715814952e+00,-6.728049683117724555e+00
4.761712136011670538e+00,7.481828111465018694e-01,2.417026808853383102e+01
2.550403998506922676e+00,-1.475889949768776965e+00,3.552780656062545006e+00
-1.799488038425759662e+00,2.100139104171550031e+00,7.438435408780488700e+00
-1.523877094497940732e-01,-2.297240354570715404e+00,-4.571258695150075546e+00
1.753022892930106380e+00,-3.893123116677471351e+00,-4.713156970217903918e+00
-4.706854226617548598e+00,2.568926399051063569e+00,2.729232950872960828e+01
4.753064041285327335e+00,-3.355174218319630697e+00,1.588126934392034784e+01
2.998639204118179080e+00,-4.545216184391733805e-01,8.082793839596160268e+00
-3.226161819485540150e-03,-8.370587157444573378e-01,-1.674107023368829106e+00
-2.928236952445625541e+00,-7.313925116791528680e-01,7.111786626309738679e+00
-8.956566148362661295e-01,-6.806696973111652227e-01,-5.591386229223708204e-01
-3.592744620288317314e+00,-4.660146015631544181e+00,3.587521875347556843e+00
4.953324709541535142e+00,1.815001323178106141e+00,2.816542832451094824e+01
3.651990915270294735e+00,-2.209746983321043690e+00,8.917543678574677557e+00
2.239372513599193759e+00,-1.267945032348697154e+00,2.478899189966177197e+00
-3.265665453915727046e+00,4.719345190310541227e+00,2.010326123751969618e+01
-3.041382044194475220e+00,-1.900190184961925155e-01,8.869966701756180072e+00
-2.838391187354766032e+00,-2.294867909461736133e+00,3.466728713529725781e+00
1.101023636026532415e-02,4.778728639158014602e+00,9.557578503620737465e+00
-3.562185804863125860e+00,1.717663143880238330e+00,1.612449399612883383e+01
1.591216040494810358e+00,-3.124146531482345779e+00,-3.716324575436709576e+00
2.877460601613339719e+00,-4.024535469127977549e+00,2.307085755810476257e-01
-4.174714612580276096e+00,4.726021189348676543e+00,2.688028447518863828e+01
3.628642761135129291e+00,4.620877234867940331e+00,2.240880275767425545e+01
3.123949592995263203e-01,-3.277230212371520235e+00,-6.456869814147287556e+00
2.940322732475690870e+00,-2.224212378866508022e+00,4.197073013380296480e+00
1.066986084837406423e+00,3.714462584713814408e+00,8.567384474664285321e+00
2.178152079376197037e+00,4.832040923042255187e+00,1.440842832697536124e+01
-2.928422963683595448e+00,2.122988375496045244e+00,1.282163780522150276e+01
-1.070992775660910556e+00,-2.049660053781001690e+00,-2.952294582044141968e+00
3.418284194548828481e+00,-2.793192579208108040e+00,6.098281676286117836e+00
4.075813689819950625e+00,2.193905434260473797e+00,2.100006810264466850e+01
3.291142178652044947e+00,2.134301053205982512e+00,1.510021894651449337e+01
1.486901170062394861e+00,-3.119233415791555775e+00,-4.027591742050192991e+00
-2.671668102693486091e+00,4.994609542866543350e+00,1.712702953668289751e+01
1.992781763190806466e+00,-3.466783346447841474e+00,-2.962387537189823394e+00
-2.194913929922765128e+00,-2.494106795215857986e-01,4.318825800725825559e+00
3.427894162179320858e+00,3.544609680357750037e+00,1.883967774781856974e+01
3.145600554214874833e+00,-2.652341454875797311e+00,4.590119936925333377e+00
-3.914916162795332166e+00,2.655454527296888578e+00,2.063747761630990496e+01
-4.591118368073678901e+00,-1.442537015418450252e+00,1.819329383882661944e+01
1.174205950709842128e+00,2.156451737251669165e+00,5.691663089185742486e+00
2.124370376378194258e+00,1.713057244405295165e+00,7.939063984843820698e+00
-3.604261142587731115e+00,-3.985423087381239071e-01,1.219361376649156981e+01
8.296811790363030070e-01,-3.564010073803292045e+00,-6.439649288759514256e+00
-3.134799130271481715e+00,-2.887116922453358825e-02,9.769223248701770501e+00
2.822228566442735342e+00,-4.975380276240897182e+00,-1.985786471236377082e+00
1.752588650947748405e-01,-2.772077349423380799e+00,-5.513439029052452867e+00
-3.797061037638362890e+00,-3.681150289684112842e+00,7.055371944183095323e+00
-2.326349901638069539e-01,-3.838092340053855800e+00,-7.622065641459196961e+00
2.752421709668636751e+00,4.305899560325288533e+00,1.618762438850579954e+01
-1.023284381457113312e+00,-3.389421129960053847e+00,-5.731731334586040560e+00
1.147871786504312652e+00,2.562464515449237368e+00,6.442538669151076647e+00
-4.268292466778333960e-01,3.216678067560620136e+00,6.615539340940807200e+00
-2.361274562327943194e+00,-3.599078642894540714e+00,-1.622539727092061845e+00
-4.192167467361926469e+00,3.903173064218938393e+00,2.538061420284558523e+01
2.653136163823614169e+00,7.553462124981003001e-02,7.190200746288303968e+00
-1.228572659073117190e+00,3.308263024554317866e+00,8.125916827730625513e+00
-4.647330921054511066e+00,-4.903300153782974569e+00,1.179108438222342237e+01
4.461166132432342835e+00,-2.347958455260562793e+00,1.520608635064022174e+01
9.710360142436424979e-01,1.166667069399657919e+00,3.276245079757495127e+00
2.284630682298297799e+00,3.147194645971108429e+00,1.151392664644100350e+01
-3.191754317178221445e+00,3.148752556075098852e+00,1.648480073337601226e+01
-3.124862193047848180e+00,2.355474996125312970e-01,1.023585872476486891e+01
4.487924565274338917e+00,2.811518577672145192e+00,2.576450405893715612e+01
3.052454811015991254e+00,-4.526433011435782916e+00,2.646143504231055488e-01
2.910566610175974844e+00,-3.104293247191112215e+00,2.262811497889041235e+00
-4.619466372113326891e+00,4.271262213455260692e+00,2.988199398999638490e+01
2.813594132785838475e+00,-2.349911427146018639e+00,3.216489089754857034e+00
4.190318689917013728e+00,4.240826530229949043e+00,2.604042378352773568e+01
-3.131575210469577097e+00,3.228310058747785760e+00,1.626338341632314766e+01
3.525135618384050318e+00,3.949853495867367670e+00,2.032628811973463456e+01
-4.852475075568993823e+00,1.327995274036384288e+00,2.620250490709108249e+01
2.560735377970476456e+00,1.592006661832730430e+00,9.741378999655060156e+00
3.739646721827053710e+00,2.230329402971205077e+00,1.844561641001423880e+01
2.983679290158455899e+00,-7.816607326287954294e-01,7.339020641262877120e+00
-4.996047899899212830e+00,-3.578353387252490858e+00,1.780378784358235222e+01
1.991372059968758101e+00,2.884968103081066992e+00,9.735498887386349054e+00
-4.761107924662342228e+00,3.067991884864865071e+00,2.880413244001228534e+01
3.387763699009996188e+00,-4.812860530205695042e+00,1.851221819918501765e+00
3.765734518731456149e-01,-4.826871884504699395e+00,-9.511936204353743207e+00
-4.123990370685288731e+00,2.894987804986310032e+00,2.279727218747760276e+01
8.747550472087262108e-02,3.580907801479170871e+00,7.169467566884513587e+00
8.798328025541977127e-01,8.435753038579818508e-02,9.428208212219701956e-01
-3.301516304031536286e+00,4.845113031893500732e+00,2.059023596957305813e+01
-9.714080232303148321e-01,2.197859584861129534e+00,5.339352717318487151e+00
-3.929112936994992644e+00,-1.167115391170020722e+00,1.310369768932137546e+01
1.202116830511066325e-01,-3.347064904386330753e+00,-6.679678960030681623e+00
-3.264043040015235597e+00,4.161278461518282512e+00,1.897653389010846325e+01
3.556158806499087888e-01,-3.341067621932166887e+00,-6.555672589293923380e+00
3.245847649622525921e+00,-5.651362089429934343e-02,1.042249972277147663e+01
4.997892278936074462e+00,-3.051717986092290502e+00,1.887549125966424768e+01
4.751504808391988632e+00,2.241237380088254127e+00,2.705927270434869669e+01
-4.959007576475689127e+00,2.032649292141762487e+00,2.865705472782681440e+01
3.751042932109385220e+00,-4.249678041454256316e+00,5.570966995619262008e+00
-3.109914822195091411e+00,-3.479701341626203259e+00,2.712167518056320503e+00
1.158136159299434809e+00,2.289201703381396058e-01,1.799119704153125054e+00
-2.685937247249805537e-01,2.905466176996061023e-01,6.532358243608508142e-01
2.602017132202600891e-01,2.168302721085163753e+00,4.404310373733085981e+00
1.752729395878751539e+00,-3.120132281227505633e+00,-3.168204227277517937e+00
-1.856329190905131377e+00,-3.469364595795298101e+00,-3.492771126584096386e+00
-3.676030867589989981e-01,6.204357287226356377e-01,1.376003486840015499e+00
-3.350577523417769044e+00,2.632809034501573109e+00,1.649198780943549636e+01
-2.083779640371299369e+00,-2.800597848637741194e+00,-1.259058107649540403e+00
-4.818640773963176471e+00,-2.008826036814355120e-01,2.281753370113757029e+01
-2.653721403123716627e+00,3.861769827943271949e+00,1.476577694128345186e+01
7.059688444808589480e-01,4.640671908172329552e+00,9.779735825722298159e+00
-3.309574388640454945e+00,4.913312007854159447e+00,2.077990664965316014e+01
9.702889046634766146e-02,-1.508497888023438094e+00,-3.007581170461745668e+00
2.612882330659783037e+00,-2.870025711015920855e+00,1.087102651842258183e+00
-3.350507833023915971e+00,9.038110248994186691e-01,1.303352478895345534e+01
7.043157843591174583e-01,3.863979084438811995e+00,8.224018892975022865e+00
-4.684099144741264986e+00,2.078302727439407249e-01,2.235644534325373201e+01
4.703610755740413651e+00,-4.353054092227538696e+00,1.341784595706182692e+01
-2.026874111291215641e+00,2.221628737172781420e+00,8.551476137368117847e+00
-2.478264401019236729e-01,7.042516902404756252e-01,1.469921324894543524e+00
-2.646872680521924259e+00,-3.169062941389021226e+00,6.678091041152738327e-01
2.719629963824533370e+00,-1.608582333014490828e+00,4.179222474103251095e+00
1.447556342121814055e+00,4.130061155419165075e+00,1.035554167445541651e+01
-3.471235612113057201e+00,4.820292873627932906e+00,2.169006242205777824e+01
9.483405351066451772e-01,-8.650238329058375086e-01,-8.306978952853169007e-01
4.361283883494865066e+00,3.730450043293950912e+00,2.648169719901995478e+01
1.518905700037183060e+00,3.325073877580896564e+00,8.957222280767238587e+00
2.255551494941999913e+00,4.114932146965411874e+00,1.331737684026591495e+01
-8.955292125907101664e-01,-4.457741299303652482e+00,-8.113510028003966923e+00
3.794275618631619551e+00,-4.966353157288775577e+00,4.463821155564808407e+00
-4.272587488825609903e+00,-2.201406994378941384e+00,1.385218986091124727e+01
2.126519172573537730e+00,2.517767512009257302e+00,9.557618815341356822e+00
3.587248472793229226e+00,-2.759018718719499219e-01,1.231654786181345607e+01
3.394859079931142887e+00,-2.076706911224597274e+00,7.371654350141731094e+00
2.336664078196795558e+00,1.876676830899289605e+00,9.213352676133858665e+00
5.879262820023534175e-02,2.211247329627380687e+00,4.425951232385452627e+00
-4.303173691101900289e+00,-1.076483755916735952e+00,1.636433630395808336e+01
3.195148742732333957e+00,-6.956133344151638198e-02,1.006985282130098192e+01
2.125843615976570788e+00,-4.179546914862375395e+00,-3.839882750136409229e+00
4.547588608049531800e+00,1.687693161994042512e+00,2.405594847204996256e+01
3.373144489318720574e+00,-2.526399806824256800e+00,6.325304132172739457e+00
-4.919730878012302355e+00,-9.198330421726161887e-01,2.236408582772246589e+01
4.316142762221275575e+00,-2.174972590982765297e+00,1.427914316190957322e+01
2.748084707689311124e+00,2.334875597706327355e+00,1.222172075604850150e+01
-1.583571713372498913e+00,-3.441886220992057765e+00,-4.376073070590603464e+00
-1.387865468524227541e+00,-3.833340072034616686e+00,-5.740509585347259858e+00
2.220328658767870778e+00,2.879252399017566688e-01,5.505709832749444921e+00
7.962790015057228388e-01,-2.686969392541356250e+00,-4.739878536843761481e+00
-9.503339384990407979e-01,9.223590938522638893e-01,2.747852782367626645e+00
-1.940939232317802077e+00,4.087553771147712567e+00,1.194235264584584399e+01
5.372622631493753076e-01,1.468396291995047065e+00,3.225443323394482587e+00
-3.805137453491755917e+00,3.003316129727940265e+00,2.048570329942160484e+01
-1.208520123172188931e+00,-4.123150173574194888e+00,-6.785779459036266559e+00
3.652166775675617316e+00,-8.370803587567623438e-01,1.166416143983530951e+01
1.459069175035844879e+00,3.708725661901780768e+00,9.546334181343341996e+00
-3.366286314092282517e+00,-4.964462419310901709e+00,1.402958709823202810e+00
2.956759929722530877e+00,2.199396362858321297e+00,1.314122200772942861e+01
2.893256259533965924e+00,6.801450719174670922e-01,9.731221927167409191e+00
4.141963313023760307e+00,7.023289164957011721e-01,1.856051791942616802e+01
2.573768675051500310e+00,1.526456353964814383e+00,9.677197900605984060e+00
-2.146280053256820253e+00,-2.139975268822809085e-01,4.178523013243537143e+00
4.619914880546019731e+00,1.546946771478978633e+00,2.443750704644850202e+01
-1.198017578619726464e+00,-1.634688188957511557e-01,1.108308480890370262e+00
1.572332221936641794e+00,4.452578882194481835e+00,1.137738638052918105e+01
-3.672444006651565118e-01,1.087934454484878799e+00,2.310737358789667795e+00
-9.975881299295616955e-01,-4.957902921148385822e+00,-8.920623765320412346e+00
1.062994158527015287e-01,2.623098743269514088e+00,5.257497052349653366e+00
-7.428040051588657988e-01,2.385035021167457359e+00,5.321827832414967041e+00
1.082124696553924181e+00,-4.415304532232712020e+00,-7.659615205573501839e+00
-4.306937707641771418e+00,-4.639726215412486532e+00,9.270259986681585573e+00
-4.876959850097847493e+00,2.909688579752486959e+00,2.960411453897139467e+01
-3.969614179530518427e+00,4.676767868351852542e+00,2.511137247103345516e+01
-3.928557383711822837e+00,2.484201673738070326e+00,2.040196646459282448e+01
-1.264593911368845358e+00,1.950881084847121194e+00,5.500959930365397099e+00
2.024701135908321348e+00,2.482140971978816779e+00,9.063696633706079808e+00
3.175972864286951136e-01,3.284991842836630482e+00,6.670851722020131547e+00
-3.527947258548178588e+00,-4.062126099663111667e+00,4.322159659771385165e+00
-1.835833776051518651e+00,1.371170909421987716e+00,6.112627472135553575e+00
-1.650621450112251587e+00,-4.173110806434929820e+00,-5.621670441299187360e+00
-4.069965897943284006e-01,3.768321754939771395e+00,7.702289733983755937e+00
-3.536344114848227527e+00,2.371288805226297924e+00,1.724830730907429199e+01
-4.426317838573563535e-01,-2.576129045797281858e+00,-4.956335195513818626e+00
-9.130287742801996842e-01,1.097975745913295498e+00,3.029573034490194772e+00
-3.900572357116391942e-01,3.099748912956272306e+00,6.351642473043550119e+00
-2.544377572704084933e+00,-2.874577424759880095e+00,7.247023829597711853e-01
-3.511684937840616527e+00,1.853281410793448103e+00,1.603849392424355358e+01
1.719814932707793176e+00,6.478464112341768555e-01,4.253456225233064991e+00
-3.395592477987285918e-02,2.979907889093661666e+00,5.960968783014979344e+00
-1.356732324906930742e-01,-2.031514026135331719e+00,-4.044620826256189794e+00
3.143702018317958036e+00,4.773787551676266006e+00,1.943043748332893728e+01
-2.751121744858302520e-01,4.124067926984606558e+00,8.323822562519534785e+00
-4.644369904780290881e+00,-6.712349730617734878e-01,2.022770186630534184e+01
-2.163837796856492801e+00,1.785843182095323556e-01,5.039362647523825345e+00
4.356956786212897725e+00,2.081795861019779537e+00,2.314666415896618190e+01
3.992386425643825731e-01,-1.505599139806276021e+00,-2.851806785895901086e+00
-4.247387328676824225e+00,-2.982330995757713765e-01,1.744383292065290547e+01
-2.781065597007522427e+00,-1.290627762461822314e+00,5.153070329935162341e+00
1.442884998863593893e+00,3.666394841157396556e-01,2.815196088177072564e+00
4.887100730736136711e+00,-4.376852623270769627e+00,1.513004830582014293e+01
-2.355588524524652172e+00,4.098475368868429669e+00,1.374574803460908612e+01
-4.696839044452079115e+00,-2.699258306329854751e+00,1.666178039682981193e+01
-4.343792584536840806e-01,2.953744990648974778e+00,6.096175321472721897e+00
1.087831303547106998e+00,4.584056908854636347e+00,1.035149076268627155e+01
4.085256960786757929e+00,-6.011571385569229875e-01,1.548701015854281238e+01
2.946734642795148851e+00,-4.326350375930923420e+00,3.054430318720591231e-02
-4.000425540400593505e+00,-9.096547787575550714e-01,1.418409494677427141e+01
-1.510226552887765639e+00,2.006089639512673273e+00,6.292963520072609285e+00
-4.337734842781289402e+00,-4.492424993285059287e+00,9.831093579708699792e+00
2.852938399446404816e+00,-3.615754230624431464e+00,9.077490497869504793e-01
-3.162794232544416939e+00,-3.315388694643503165e+00,3.372489968129221083e+00
3.393630054241560501e+00,3.060983921664059082e+00,1.763869278837969290e+01
-8.980680509279075352e-01,-1.532492914499470338e+00,-2.258459604901490003e+00
-1.378900293380300734e+00,-3.282650741103335434e+00,-4.663935463122391489e+00
2.103398480368859680e+00,-4.135983680721594169e+00,-3.847682194225160224e+00
4.626463958282077016e+00,8.086526767636748048e-02,2.156589929263579819e+01
1.574049688033709593e+00,-1.013873433425422022e+00,4.498855535481744994e-01
2.789578361514564619e+00,1.485170839357046191e+00,1.075208911374437548e+01
-1.940375513440604216e+00,1.756577309045859181e-01,4.116372594969060827e+00
-4.439176941594150883e+00,9.170961214811619300e-01,2.154048416174352454e+01
2.246486339250530762e+00,-4.238418689925799399e+00,-3.430136507412347768e+00
4.768745493982891048e+00,-3.923888258711629717e-01,2.195615593463980275e+01
-2.940766444452412642e+00,4.520723714127495185e+00,1.768955470907227578e+01
2.833912576305166908e+00,9.203070434532856225e-01,9.871674577047159005e+00
2.616813030689332464e+00,7.304758738041527977e-01,8.308662185193794514e+00
4.477139557746530940e+00,-5.596897005581418227e-01,1.892539921842251971e+01
3.370964317980007507e-01,-3.100242672505260089e+00,-6.086851340679576339e+00
1.594343520275240955e+00,3.358961935603675286e+00,9.259855131850997623e+00
2.351288591705452902e+00,3.129440522371162103e+00,1.178743908622653613e+01
-1.400766722724059221e+00,1.555865513084686569e+00,5.073878437660474638e+00
2.438554363694878546e+00,4.146835717230876739e+00,1.424021881915708754e+01
-4.024943530169700523e+00,4.990723949434185513e+00,2.618161831992330235e+01
-6.813476089322048068e-01,3.661111989196704997e+00,7.786458542591042864e+00
-3.250959248262689449e+00,3.745324900157264381e+00,1.805938583417923837e+01
-2.704261802567797801e-01,-8.220810395680846483e-01,-1.571031760167896918e+00
1.026052202438885175e-01,4.286082049922638859e+00,8.582691931066575464e+00
2.212635246581461601e+00,2.297148996295909740e+00,9.490052727006425215e+00
-2.792528130365129257e+00,4.770433976788224228e-01,8.752300154238209728e+00
-7.333159215455857804e-01,3.748938596876840279e+00,8.035629434545931815e+00
3.996079928264091308e+00,-2.104681245989912242e-01,1.554771854387716346e+01
-3.150871950561754176e+00,-5.464712974361685127e-02,9.818699789349599527e+00
4.451926802203765021e+00,3.297360883049236691e+00,2.641437401827871412e+01
1.682335722864970684e+00,3.268472572260506581e+00,9.367198628948615990e+00
-2.146299576878238913e+00,-3.754101885018201745e+00,-2.901601896328696029e+00
-6.815619962351728844e-01,-2.535892049276734284e+00,-4.607257343841395070e+00
1.115723429917646392e+00,2.537558320169325476e+00,6.319955412405848350e+00
1.721822705124724351e+00,4.882919410815668826e+00,1.273051224951436211e+01
-8.034598246920507947e-01,3.073754022656073559e+00,6.793055735206328549e+00
4.276735444518871887e+00,-4.886805271433730447e+00,8.516855519536571606e+00
-1.322737466172267062e+00,2.972014154642717010e+00,7.693662713701263201e+00
-4.583213371014014825e+00,-1.251009430806563572e+00,1.850382594262852365e+01
-2.897179822116476622e+00,-2.082778546584183044e+00,4.228093828510492536e+00
3.162694325025023900e+00,-2.937969575903688124e+00,4.126696241738114779e+00
4.151813259587141758e+00,2.706269723547618966e+00,2.265009278957884575e+01
1.392892620972374651e+00,3.055355595295447202e+00,8.050861044150185108e+00
-4.292345221895480734e+00,2.537953608225246072e+00,2.350013472037945661e+01
-3.479621955597079541e+00,-1.153376787366991785e+00,9.801015379139260020e+00
4.086324601826298419e+00,-4.016569486968322167e-01,1.589473485409719089e+01
4.516084932779319772e+00,1.804461341400190655e+00,2.400394580287677115e+01
-3.656570230555606926e+00,-5.673293410254558466e-01,1.223584716893457269e+01
-3.065902994750226984e+00,-1.037448987374775200e+00,7.324863198468859693e+00
-3.832414971576192375e+00,-1.766987877129193585e+00,1.115342876010296003e+01
-2.250260550282359162e+00,3.750121953614799608e+00,1.256391645138666391e+01
3.182528832783457773e-01,-4.632315685481612988e+00,-9.163346473248244806e+00
4.592889302891308034e+00,-2.373922516429963991e+00,1.634678711575347876e+01
-2.596727581822677600e+00,1.951770665777441849e+00,1.064653546575353360e+01
-4.157573291426714057e+00,-3.822126096849124188e+00,9.641163479886513343e+00
-3.816039470778952669e+00,1.251583136730241463e+00,1.706532351600339226e+01
1.402337111928037672e+00,2.799456231767717185e+00,7.565461839026103696e+00
-4.709388515191373692e+00,1.250352654818970066e+00,2.467904549665434999e+01
3.169943268798361302e+00,-3.772388119830357489e+00,2.503764087739325461e+00
-4.461366094007034988e+00,2.572427496200434760e+00,2.504864241715645790e+01
2.533655320203268779e+00,4.816229065975344170e+00,1.605186741354501834e+01
-8.867027040468560273e-01,-9.515536573992129377e-01,-1.116865629434419471e+00
-1.093991079936947663e+00,-4.464588172766598362e+00,-7.732359862551588137e+00
3.335602545368868022e+00,4.331997151808408830e+00,1.979023864428808821e+01
-1.166342898120864557e+00,1.522246601866097393e+00,4.404848959729172009e+00
-8.680030793114532628e-01,-4.594353938676722038e+00,-8.435278531659278656e+00
-1.131108760022410120e+00,2.050519383558758513e+00,5.380445794116951674e+00
-1.869972195897272371e+00,4.406028629077319181e+00,1.230885327158350506e+01
1.676614961738441600e+00,3.700929203340679763e+00,1.021289613660655604e+01
-5.748106575537192953e-02,3.150112242832470599e+00,6.303528558585314912e+00
-4.912145664347295160e+00,-4.042469260164255118e+00,1.604423650743741803e+01
2.642202144993277102e+00,4.981713974167611525e+00,1.694466012334229887e+01
-1.396937805150508805e+00,-5.653740374738092100e-03,1.940127750709244703e+00
-3.313168307069803475e+00,2.813266109742719401e+00,1.660361645045722412e+01
1.247829429693936731e+00,-3.775098494973991858e+00,-5.993118704337688563e+00
-2.719854858485955873e+00,-4.310795389689475954e+00,-1.223980328149292696e+00
3.509478458441638082e+00,-4.811012726197770206e+00,2.694413597870356725e+00
3.106873453460112344e+00,1.931624083144594550e+00,1.351591082210435424e+01
-3.014094609125558044e+00,4.526124494011760646e-01,9.989991211562102791e+00
-1.790649820454476071e+00,-7.176540744597019739e-01,1.771118630574243458e+00
-2.693383384603147412e+00,-3.533152059416782009e+00,1.880099376227422070e-01
-1.607761554718939223e+00,4.736671960880785903e+00,1.205824113859383218e+01
4.389476486323456328e+00,-3.493506916333464218e-01,1.856880244071982133e+01
2.133167269459805837e+00,-4.766101600869677490e+00,-4.981800602244750742e+00
-6.188762724080731914e-02,-1.638292889642618544e+00,-3.272755700879740104e+00
2.866022670570300690e-01,3.121119560166141227e+00,6.324379979814511721e+00
-2.371984284708206214e+00,-2.800141777163789314e-01,5.066281091469942766e+00
-4.316820079377174935e+00,4.510565558131364838e+00,2.765606671397668848e+01
-1.365390490426823256e+00,1.331826427989036610e+00,4.527944047326074362e+00
-2.463647625711067324e+00,4.407315376746279156e+00,1.488419037716433735e+01
-2.506549750974260693e+00,1.226894280613417543e+00,8.736580215335962407e+00
-4.805951426689595962e+00,3.732789573940651806e+00,3.056274826358106722e+01
1.449292720015206370e+00,-2.953439634317330587e+00,-3.806429880345585826e+00
-1.535312488585151236e+00,-4.980265642633826317e+00,-7.603346847662121988e+00
-2.242245718020863254e+00,1.483208198625351137e+00,7.994082257233598554e+00
-1.975132492900422143e+00,2.475269011015543974e+00,8.851686386542123586e+00
-4.185630639890817406e+00,-2.259816478804226314e+00,1.299987089598436008e+01
-4.307872304028450117e+00,-1.508008773900378685e+00,1.554174624001462846e+01
3.111513889284857726e+00,-4.539143854270630385e+00,6.032309746713213627e-01
2.109819710753236599e+00,3.268135939255749634e-01,5.104966399734021110e+00
8.845663009570330360e-01,3.801452401867519981e-01,1.542748021162312355e+00
2.307252946443264285e+00,-1.091365344044282537e+00,3.140685470782559108e+00
4.969207127337151420e+00,-3.951308722302697696e+00,1.679040202977294882e+01
-1.757700378059179336e+00,4.381199187213724144e+00,1.185190899345683135e+01
1.641687262796994951e+00,2.714499983082099277e-01,3.238037065446309537e+00
8.303193044670420520e-01,-4.159381759898154840e+00,-7.629333372425676885e+00
-4.895385634903215433e-01,-3.231946803355284281e+00,-6.224245601566400943e+00
-1.029316460439343217e+00,4.304750687734152592e+00,9.668993751199682407e+00
4.827532954678257937e+00,6.410554700957726837e-01,2.458718536869613303e+01
-4.011488984723225570e+00,3.525390003458017674e-01,1.679712187524737743e+01
3.494750279927409053e+00,-3.888169160028796867e+00,4.436941198995111080e+00
9.700802645004067415e-01,4.427749179398906776e+00,9.796554078370991903e+00
4.741232004997510074e+00,2.095103456847010825e+00,2.666948783890673269e+01
3.375894209124753687e+00,-1.660539228623385544e+00,8.075583253955276319e+00
3.935608763445898717e+00,2.186803766666482574e+00,1.986262387224512338e+01
-4.354875546630506911e+00,3.732426841115557892e+00,2.642979470887147286e+01
1.017102626670952858e+00,-7.887674093840573164e-01,-5.430370655871630259e-01
2.832261787999795999e+00,-6.814929013122350554e-01,6.658721033139331169e+00
-9.085957998279479142e-01,2.541358046643303226e+00,5.908262420751595023e+00
4.403316727997317770e+00,4.375940541420748175e+00,2.814107928990249974e+01
4.007030816076095903e-02,-3.186256137757919049e-01,-6.356455979554854752e-01
-1.199940290194279058e-01,-2.819663271021017881e+00,-5.624927975041720707e+00
7.839573312950047779e-01,2.709396308710090295e-01,1.156468359033203885e+00
3.149130047786194098e+00,-4.326997169423862033e+00,1.263025719022152771e+00
3.612050089382439211e-01,3.221163281073037510e+00,6.572795620628151703e+00
-2.640513158041779551e+00,5.345106402305646043e-01,8.041331018252900975e+00
3.573303581196999090e+00,-1.935875953228514135e+00,8.896746576938269868e+00
-2.465356001557902133e+00,-3.820866231301638383e+00,-1.563752248185710236e+00
9.482249901989527885e-01,4.508501604846198774e+00,9.916133841730202292e+00
1.769080121427220931e+00,2.872852929661768862e+00,8.875350335352488074e+00
3.778062361721888252e+00,2.075534799776735717e+00,1.842482480861304595e+01
-1.334010939257970207e-01,-3.648956102157004722e+00,-7.280116352453410045e+00
3.531262355467205794e+00,-6.567703052069422398e-01,1.115627321272591388e+01
-4.015566594875298989e+00,-3.135364273455708783e+00,9.854046530966986239e+00
-4.656313167970801636e+00,-4.752710023702934272e+00,1.217583227081241581e+01
-2.927875953521485108e+00,-1.908652872009072077e+00,4.755151855191201093e+00
8.386757640669344482e-01,-2.585239898333995257e-01,1.863290575664572346e-01
1.684650028521747167e+00,-1.269961448093237522e-01,2.584053428979676159e+00
4.111734886216412477e+00,-3.032142117068930887e+00,1.084207954039123223e+01
-1.901018610445070145e+00,-7.662093035131958274e-01,2.081453150232113636e+00
4.241613140497939582e+00,-4.145232616191338870e+00,9.700816801262115874e+00
3.195463007687981971e-01,4.198690007213162545e+00,8.499489852761348274e+00
2.834922945871732658e+00,-3.974983879958697841e+00,8.682034911266711674e-02
-1.964301892256576032e+00,2.436885997090820766e+00,8.732253918104406765e+00
-3.646260707813910873e+00,1.724659173067767171e+00,1.674453549548313447e+01
1.623437060866733006e+00,4.035037819774498047e+00,1.070562353014461365e+01
-1.450959908586837432e+00,-4.494939690465395543e+00,-6.884594724604466975e+00
-2.628077007206039983e+00,4.997774183307488016e+00,1.690233712242003250e+01
-3.743185781232418741e+00,-3.995340083005737064e+00,6.020759626809079279e+00
1.464377188541224228e+00,1.094798109269462749e+00,4.333996768858825455e+00
-3.679403820885641885e+00,-4.034598616489798673e+00,5.468815244168263590e+00
3.181206285097204045e+00,2.468268131750315675e+00,1.505660969184258491e+01
2.759749600981278306e-01,1.831017572227330525e+00,3.738197323055824306e+00
-2.224539987839580846e+00,-3.254488711890072494e+00,-1.560399266282822772e+00
1.591963872588787687e+00,-2.691004437645942104e+00,-2.847659903663994463e+00
3.468824908490770298e+00,-1.719196732927898985e+00,8.594352779910202855e+00
3.544728309793310217e-01,-1.541208044298215896e+00,-2.956765100693930393e+00
-1.292314653461815510e+00,-1.638284146939063213e+00,-1.606491130325994110e+00
-2.727546614965414840e+00,-3.627561083497031547e+00,1.843883698152302131e-01
4.666307414168208823e+00,-7.370347755215114205e-01,2.030035533247817270e+01
2.366243375115310243e+00,3.920900422985379663e+00,1.344090855624785519e+01
-1.659267823453292046e+00,4.534634544385017563e+00,1.182243879871746017e+01
-1.797351693582387444e+00,4.574923853928794415e+00,1.238032081828106534e+01
4.417825527367842398e-01,4.054260214775895932e+00,8.303692253454421746e+00
-4.728736054758641671e+00,1.499431435186066253e+00,2.535980754594645603e+01
-4.195378319784982324e+00,-3.651613552454827882e+00,1.029797214121220605e+01
2.770370008958289887e+00,-3.309444832846347495e+00,1.056060320842860278e+00
-4.394420760231938061e+00,-8.028771959739344766e-01,1.770517942600957539e+01
4.142086813742826834e-01,-2.500667755070917764e-01,-3.285647192883615064e-01
2.635878201511152596e-01,4.434259819513819423e+00,8.937998177959656232e+00
-4.738218468267136885e+00,4.442813604382928716e+00,3.133634146179363000e+01
-3.345054751747785993e+00,-1.823073597528814815e-01,1.082477657268468008e+01
-2.501835290177154558e+00,3.644323606235149171e+00,1.354782703164610425e+01
-4.830976074324013325e+00,1.457669818743722701e+00,2.625366946817850078e+01
2.778269398622946973e+00,-9.378909045597847438e-01,5.842999042205142324e+00
2.393954005197539203e+00,-7.309098425382032360e-01,4.269196093924932711e+00
-2.636644210381159148e+00,-3.751379591828354343e+00,-5.508664915202228229e-01
3.679898762114584443e+00,-4.457295538964993753e+00,4.627063821482463979e+00
-4.329645318361815320e+00,1.426000250983658013e+00,2.159782908477970409e+01
-3.586253787052537945e+00,2.095159963507643219e+00,1.705153615216395480e+01
-2.989699739422335689e+00,-3.713331887549982113e+00,1.511640756802018259e+00
2.133352350930146635e+00,7.686831157190230357e-01,6.088558484657229819e+00
3.768723292327894825e+00,-5.864845891280525692e-01,1.303030607587870193e+01
-4.391693768203523973e-01,-2.269791100310079024e+00,-4.346712459083381219e+00
3.499971500521880330e+00,4.854070121723578879e+00,2.195794074791253792e+01
-3.836626764897443920e+00,4.901375140529077967e+00,2.452245521418558383e+01
1.373555525113761888e+00,1.553941569036716430e-01,2.197443094377885764e+00
-7.856885042989460999e-01,3.171380769206532335e+00,6.960067964200579382e+00
-3.979582122003089140e-01,1.598802992582324833e+00,3.355976723822315932e+00
-5.991398172314710280e-01,-3.753622112530248245e-01,-3.917559019138891485e-01
3.034093235576262870e+00,-4.893046284905992138e+00,-5.803708076423479412e-01
-3.228096535198511141e+00,2.863249328803181726e+00,1.614710589816699837e+01
4.483483998524446790e+00,-3.312706130686024153e+00,1.347621650365271151e+01
7.856447091435514452e-01,1.630262377169565013e+00,3.877762363344385399e+00
-8.926302289986232097e-01,4.307871814947526801e+00,9.412532355617187818e+00
-6.331602185080456024e-01,-2.199949921404749986e+00,-3.999007980508344051e+00
-4.964556612976238625e+00,4.035080163983179702e+00,3.271698269141246129e+01
4.942588285172629270e+00,-2.857776648501602068e-01,2.385762362702539008e+01
5.539010020863566197e-01,8.901033106286524443e-01,2.087012941369574826e+00
1.384403776675567244e+00,4.340694228817945088e-01,2.784712662637162772e+00
1.568736762228457593e+00,-1.177353161671108595e+00,1.062287058248072569e-01
-1.889440824521924078e+00,2.747206074078844651e+00,9.064398777527777895e+00
2.174015035507252946e-01,-4.693714297131272417e+00,-9.340165180516429189e+00
1.934482221747286346e+00,-4.887339084107703790e+00,-6.032456701959089784e+00
1.574539126348071250e-01,-3.420892210563146740e+00,-6.816992686522284295e+00
2.559995260477304413e+00,3.371732206834403556e+00,1.329704014733506767e+01
-1.291587062121694274e+00,2.032543798410114455e+00,5.733284735860378234e+00
-2.816663588094363568e+00,2.788283237772040124e+00,1.351016024404069427e+01
-4.932891660128220224e+00,-1.568094229750859547e+00,2.119723167106082684e+01
1.452331665176531672e+00,-2.903500326339216731e+00,-3.697733387003996341e+00
8.784252494023192526e-02,4.577576919473024475e+00,9.162870148133924530e+00
-1.089943669646947555e+00,-4.421270018079503927e+00,-7.654562833155553747e+00
8.121051664720067009e-01,1.783986207220590536e+00,4.227487215851707170e+00
-9.962868726821731968e-01,-1.768873354659736830e+00,-2.545159176640648724e+00
2.451394101523013624e+00,7.522133550027128024e-01,7.513759750987248687e+00
-9.791094448696791019e-01,4.389241271175807313e+00,9.737137847384625289e+00
4.010550116551019784e+00,-4.074481701316670978e+00,7.935548834734056811e+00
-2.272524899208669957e+00,4.336387848311908044e+00,1.383714511414719084e+01
-3.729408816691633710e+00,3.244028796821204708e+00,2.039654771565970037e+01
-1.972692975523190562e+00,-6.651471425156083583e-01,2.561223290647322681e+00
-4.695362667382023680e+00,-1.936755644405325771e+00,1.817291928943418000e+01
-2.839770851137322971e+00,1.222241795035720280e+00,1.050878207704063705e+01
-2.143153563501176695e+00,-3.272954762255928518e+00,-1.952802327764064927e+00
2.908459395977853745e+00,2.446100796726043747e+00,1.335133765150394858e+01
-2.178656197913912962e-01,1.037575537618730337e+00,2.122616503524547671e+00
-3.301281185319587586e+00,1.102316341677491707e-01,1.111892073288059990e+01
4.056099850804571361e+00,-3.268946323740563820e+00,9.914053352215740134e+00
-2.966016322561956464e+00,-9.561735783708025238e-01,6.884905668962346681e+00
4.071204570517579668e+00,4.939931291620229814e+00,2.645456923824368900e+01
3.221280398235771614e+00,-4.811212515380828947e+00,7.542223732963542204e-01
6.222918145509925836e-02,-5.780563590823017961e-01,-1.152240247140031926e+00
-1.042864796423712548e-01,-3.246643934593240743e+00,-6.482412199350283011e+00
8.617947827429208729e-01,-2.766994323443157100e+00,-4.791298399323395962e+00
1.664150744316322594e+00,-2.915721255320331551e-01,2.186253448744504002e+00
2.576899835399022010e+00,6.952991088188351654e-01,8.031010979317176890e+00
-4.551686909190638453e+00,-2.182942923150481551e+00,1.635196787299646459e+01
-3.239933540975634685e+00,-6.154621678720353373e-01,9.266245014194844032e+00
1.222074533935585627e+00,4.190028306624245857e+00,9.873522779742369693e+00
2.728666414545656949e+00,-3.166327367750460198e+00,1.112965666368531004e+00
-5.031951414187663119e-02,1.951237079050079259e+00,3.905006211603633037e+00
1.140620530913844632e+00,2.538709751186853047e+00,6.378434697915887241e+00
3.583120487681155097e-01,-1.899335293130745228e+00,-3.670283061969086269e+00
-3.226497854736967152e+00,2.490714541785539637e+00,1.539171749019333113e+01
3.031226854368316737e+00,-3.029451585940995173e+00,3.129433070761649560e+00
4.846311392262249385e+00,-1.008163807389834687e+00,2.147040649599119178e+01
-1.290910477609909179e+00,2.214002896086462613e+00,6.094455653375969284e+00
2.124599943806964930e+00,-4.134680472535472440e+00,-3.755436023846386639e+00
-1.499909783188686507e+00,-1.824126813583729856e+00,-1.398524269462327219e+00
4.073942721468643668e+00,-1.232340347026839922e+00,1.413232860375365973e+01
2.030439875459356891e+00,3.295799316731560680e+00,1.071428472131853127e+01
4.989815711156143863e+00,4.213858367996385468e+00,3.332597756729346372e+01
4.499123695400758294e+00,4.259749006142087069e+00,2.876161203880074879e+01
2.006286228883285894e+00,-1.462645586178648038e+00,1.099893259849420879e+00
3.999838214808304926e+00,-3.086847537187048296e+00,9.825010670266790314e+00
2.671936597120989632e-01,-8.581285116512127331e-03,5.422988155732068327e-02
-4.381162386060032610e+00,5.015455325043660650e-01,2.019767491803597181e+01
-1.951824678249538536e+00,3.778551350804503883e+00,1.136672227623292208e+01
4.386602157824571080e+00,-2.712319264226196402e+00,1.381763996257878979e+01
-1.202395709468361495e+00,-2.492305219409875150e+00,-3.538854996671825681e+00
-2.848409274472581743e+00,-4.245181184126717966e+00,-3.769269733520168586e-01
-1.623600988870074424e+00,-3.978024024004016557e+00,-5.319967876948149765e+00
3.376822426191186111e-01,-1.425725742867950174e+00,-2.737422188755623154e+00
-9.114963955922306127e-01,-2.989032177563696102e+00,-5.147238675949764364e+00
-2.414159924360155252e+00,-5.779127714986040942e-01,4.672342597389421925e+00
2.000993615532005165e+00,-4.730771441867791083e+00,-5.457567434335736323e+00
3.034545538226836925e+00,-2.983814805648542290e+00,3.240837012275319395e+00
7.046636906929517608e-01,3.020043058255080126e+00,6.536637033491172311e+00
5.453013269003488261e-01,-3.401275325071427602e+00,-6.505197113023574396e+00
2.128206997316635096e-01,3.791238971706853533e+00,7.627770593647982267e+00
4.996459781322583282e+00,-3.166658147354712849e+00,1.863129405166468899e+01
7.697567012885420112e-01,-4.900431256933796220e+00,-9.208337134688974857e+00
1.843389521447362789e+00,4.459594494971401701e-01,4.290003826776217721e+00
2.526529089625255686e+00,-2.896553857303398871e+00,5.902415261158253657e-01
3.193128691674992581e+00,-2.189557670469590711e+00,5.816955500658869127e+00
-4.724428816292169486e+00,3.123478260235495796e+00,2.856718416068282096e+01
-1.558379326424780054e+00,-2.388508335477014022e+00,-2.348470545925876785e+00
4.163325527842173912e+00,-1.413431939196858611e+00,1.450641557238860102e+01
4.535043189754654591e+00,-5.946663766976767462e-01,1.937728397954472115e+01
5.961821229610198003e-02,-5.659761106205740688e-01,-1.128397890003765003e+00
-3.574075252086539312e+00,2.906079302466304526e-01,1.335522976807072126e+01
-3.638883329785555176e+00,-4.310526423797703899e+00,4.620419040195802296e+00
4.849550017249764977e+00,-9.828789143652816307e-02,2.332155958693414277e+01
1.332236815612858116e+00,3.710167085025144473e+00,9.195189102924576474e+00
-6.294943155590972950e-01,3.117732836077516723e+00,6.631728765476250231e+00
-3.394091522312806752e+00,-9.951015084281333856e-01,9.529654244979399280e+00
-3.435969761720448545e+00,-3.266046618695069625e+00,5.273794966067136158e+00
-4.358526677013281336e+00,-3.542829820871205904e+00,1.191109515249402584e+01
-4.848058991801529771e+00,6.027810998752416438e-01,2.470923818773815128e+01
-4.324090514218342562e+00,-3.779813681666766012e+00,1.113813141181951849e+01
2.048178178638312197e+00,-1.722551514439535580e+00,7.499308225710823450e-01
1.423564905785607237e+00,1.722930112994216501e-01,2.371123063583228330e+00
1.811262491556322018e+00,2.373689822198072008e+00,8.028051457714958872e+00
-1.927801841135882377e+00,-5.267747805037163999e-01,2.662870377679464884e+00
-3.259870767768473510e+00,7.799691626900795427e-02,1.078275125508943333e+01
2.997432828255592874e+00,-3.526413461471076261e-01,8.279320867610106660e+00
4.470555995392635040e+00,2.300502303099499990e+00,2.458687551414003281e+01
1.353749056268216400e+00,-4.963022190133129286e+00,-8.093407872919172519e+00
4.209361457000532880e+00,-2.932758602643144030e+00,1.185320667039536247e+01
5.505432711797606515e-01,2.664725219510044596e+00,5.632548332461400520e+00
4.912356768856417588e+00,-4.302929709208125786e+00,1.552538960611321173e+01
-3.559869444739613087e+00,3.634591514122549327e+00,1.994185349183582190e+01
-2.402547857991685909e+00,-7.721014271742410173e-01,4.228033355591955811e+00
-2.324198022482897308e+00,1.895520542838138311e+00,9.192937533389686777e+00
9.159167317033158895e-01,-3.530920494279483624e+00,-6.222937529144883406e+00
4.903869968007583680e+00,4.737589876613201412e+00,3.352312041635310180e+01
-8.556784746905643502e-01,4.866327152512907261e+00,1.046483995707458448e+01
-2.368213614665023670e+00,-7.105882999828159186e-01,4.187259124719145298e+00
-1.891873360226751011e+00,-1.489281434671711146e+00,6.006219417922356030e-01
-3.386180346855297785e+00,-3.666752179170730486e+00,4.132712983087603931e+00
-6.955216642534578497e-01,2.065130722282423115e+00,4.614011830010745996e+00
2.192541784244051328e+00,-4.717540068082123561e+00,-4.627840660508159232e+00
-4.153800891197438894e+00,-2.626395313492062566e+00,1.200127121672851160e+01
-2.169166243404077932e+00,4.557545409068421094e+00,1.382037300966060123e+01
-4.108126570576743575e+00,1.507504536296760733e+00,1.989171299247215785e+01
2.809646749954994860e+00,-1.078486232870167427e+00,5.737142393792330708e+00
4.148561944485489761e+00,-1.959364444978817232e-01,1.681869331823746450e+01
-3.052259163494550620e-01,-3.211976251955293016e+00,-6.330789643899221275e+00
2.589400300852959802e-01,8.350656200970520970e-01,1.737181179374678086e+00
2.276843011700453445e+00,3.621207470322488575e+00,1.242642904057416864e+01
-4.073023243260093018e+00,-4.847438026091133167e+00,6.894642287954699356e+00
-3.262895522912875101e+00,-3.121308987069939533e-01,1.002222539603089757e+01
1.728450714586898584e+00,2.574292963133348877e+00,8.136127799022657925e+00
2.988286701719273353e+00,1.216759791879178820e+00,1.136337699543061142e+01
2.086759794667779389e+00,3.838492579745164335e+00,1.203155160013224112e+01
-4.613018457427212837e+00,-3.946551631609200861e+00,1.338683602534574213e+01
-8.804611994309450296e-01,3.993299640751285295e+00,8.761811205205948028e+00
-2.906822817556165006e-01,1.279505344426099533e+00,2.643506877778850850e+00
9.969459403463707403e-01,4.446099788687579490e+00,9.886100785348268971e+00
2.853857494663264660e+00,9.289380428422022717e-01,1.000237868553008980e+01
-2.434276553993593772e+00,3.644258376468227922e+00,1.321421909425938068e+01
-4.516571647633981001e+00,2.879034849396777673e-01,2.097522641809048949e+01
-1.637986480052204818e+00,-2.068794692042911443e+00,-1.454589675252011105e+00
1.570583077397573746e+00,-4.069064965018616142e+00,-5.671398727029599129e+00
-1.326129975664736005e+00,-2.678819650647340289e+00,-3.599018588938127206e+00
2.236542726993457464e+00,2.982732418115420003e+00,1.096758820589817063e+01
4.987164263507713358e+00,-3.942617050560031089e+00,1.698657329008836925e+01
-1.694497739849651907e+00,5.886283718469194071e-01,4.048579334049417611e+00
2.320253787669665613e+00,2.787809613819707266e+00,1.095919686683484429e+01
3.569516628906553635e+00,3.408033697155106623e+00,1.955751635835061819e+01
3.132353329939979503e+00,-2.793185140901031094e+00,4.225267101784015544e+00
-4.797538709963509618e+00,-4.804558120918505537e+00,1.340726143176132368e+01
-4.476432882178484007e+00,-4.299907774744957223e+00,1.143863579915885609e+01
3.168684963330786530e+00,4.576710268535151727e+00,1.919398493390892924e+01
-2.218343710900498866e+00,4.663772799240014422e+00,1.424859441817182493e+01
-3.058658096105510982e+00,3.740954069436238427e+00,1.683729748774426582e+01
6.743490873171076316e-02,4.285646882727156992e+00,8.575841232369967315e+00
-4.173755885313916281e+00,8.085267360226691125e-01,1.903729166223789093e+01
-5.757623598911365548e-02,3.282046959930987384e+00,6.567408942812648753e+00
-1.046272524065433807e+00,-1.437609293850621306e+00,-1.780532393086988741e+00
4.716414015496399159e+00,-2.310296140662208231e+00,1.762396888424645169e+01
-3.651455387700732746e+00,3.621152647674900749e+00,2.057543174371851080e+01
-8.092148698620480474e-01,4.313174232240337247e+00,9.281177170086525763e+00
2.488192801042067970e+00,-3.485391424795143411e+00,-7.796794344327144799e-01
-4.116309935770847694e+00,-2.523228683660529992e+00,1.189755012000474110e+01
4.846859488051668663e+00,-1.666263412532071886e+00,2.015952007185234152e+01
-3.155394784321452484e+00,1.061226101706376213e+00,1.207896844833577887e+01
-4.492762759583399657e-01,-4.450798220838168895e+00,-8.699747269537343897e+00
-2.538978422936769341e+00,1.999393440221542306e+00,1.044519831258156906e+01
4.626722800869281116e+00,3.835242507235502529e+00,2.907704889055468911e+01
4.638249968043792748e+00,-4.400897520232538440e-01,2.063318326201173392e+01
-2.522224493242716470e+00,-1.018528332658080515e+00,4.324559728997316554e+00
-1.126113438180378346e+00,-3.545154809421551256e+00,-5.822178143192669353e+00
-1.954122243793978697e-01,-8.080135826489822648e-01,-1.577841227861060291e+00
1.051047012497699384e+00,3.237073134547573616e+00,7.578846091575486277e+00
1.111614219474672538e+00,-1.716943150891579783e+00,-2.198200128844874257e+00
-3.520791540367023131e+00,3.947713207273480407e+00,2.029139948526695747e+01
-1.407001222556165665e+00,4.420140426659415311e+00,1.081993329359337608e+01
-9.844639737977090022e-02,1.453253093082009784e+00,2.916197879321075437e+00
-7.113237126280829159e-01,-1.916091438351642751e+00,-3.326201452556285965e+00
-1.261116426996793383e+00,-1.801275371163837402e+00,-2.012136099886516316e+00
-4.989632617880531917e+00,-2.757070950073718940e+00,1.938229176126989017e+01
-7.069833694859797291e-01,1.771306191936846020e+00,4.042437868603441231e+00
-1.133100715597699093e-01,4.494433963245437980e+00,9.001707098807756324e+00
-4.274467675899408903e+00,3.575523689139524564e+00,2.542212129058794190e+01
4.373530814929782906e+00,4.342803018592436004e+00,2.781337782632524380e+01
6.167315908007919845e-01,-4.322056230177353520e+00,-8.263754605263031294e+00
-3.962424659908705404e+00,6.765683216256075383e-01,1.705394582870383502e+01
3.076958568530718807e-01,-4.760311887299443434e+00,-9.425947034274340552e+00
2.907320144306371645e+00,-3.217226514173438190e+00,2.018057393142745681e+00
-3.272347433381098902e+00,3.160488763689102143e+00,1.702923525213407174e+01
9.416920919175346683e-01,3.152065455672619976e+00,7.190914907325262284e+00
-4.297660395827809232e+00,-1.403668243557387729e+00,1.566254839075206817e+01
4.884672238030329794e-02,-4.418531130937784823e+00,-8.834676259588270852e+00
-3.059166020632098082e+00,4.658113038478212786e+00,1.867472281874645290e+01
1.054375504475119740e+00,-3.098029200660301630e+00,-5.084350696883440435e+00
2.283465076701034491e-01,-2.399131051193844399e+00,-4.746119974822556209e+00
4.222970076300656572e+00,-2.790377586258887543e+00,1.225272109281299748e+01
-1.513397789466870424e+00,1.480233649343841940e+00,5.250840167850894247e+00
-5.911607420797047041e-01,-2.226450804182151799e+00,-4.103430585388076146e+00
-2.555430468665570665e+00,-4.227668329098652755e+00,-1.925111778012967179e+00
3.594404671175215782e+00,3.725189160505951946e+00,2.037012326117811511e+01
3.439561754335178634e+00,-4.561971000264433584e+00,2.706643061356425406e+00
3.342806309588485902e+00,1.930323328454695009e+00,1.503500068033398307e+01
6.546692808351295412e-01,-4.042969637387176185e+00,-7.657347407505167070e+00
-2.498282335984042035e+00,-3.851563198062529558e+00,-1.461711765835176813e+00
-3.095758456134078074e+00,-3.698377033082506316e+00,2.186966352560638427e+00
-4.022426812150303732e+00,4.718334955789259766e+00,2.561658737068417580e+01
2.845412702597247545e-01,2.825976042684397171e-01,6.461589430178971138e-01
-3.701529324088000727e+00,-4.769214271689053319e+00,4.162890793705264159e+00
-1.477983436644376702e+00,1.731414720428511522e+00,5.647264479852145413e+00
-3.512753760930316993e+00,-4.678779802296377355e+00,2.981879380337332464e+00
1.632683521749205724e+00,3.595282347984893434e+00,9.856220178161176904e+00
1.231011664317475329e+00,5.794644950030205521e-01,2.674318707691721642e+00
-4.490270122250148432e+00,-3.597218052409809630e+00,1.296808966595274271e+01
-2.649057289354272982e+00,-4.362558967339382754e+00,-1.707613412397757102e+00
1.379590981836207320e-01,-3.137245211043080406e+00,-6.255457709314522496e+00
3.816386821262069518e+00,5.627376414922302672e-02,1.467735589780124883e+01
3.483142411228371316e+00,2.452646010213848982e+00,1.703757307732549009e+01
1.710105416172615911e+00,-2.639227223741436035e+00,-2.353993913059956089e+00
2.678493582112132287e+00,4.181852744580625725e+00,1.553803335857713463e+01
4.147270010751428870e+00,-2.927778586823600371e+00,1.134429136843095698e+01
3.633675089963951166e+00,-2.374955950475043931e+00,8.453682758474439396e+00
-1.877110086411633016e+00,4.951850277657250388e-01,4.513912332039738295e+00
-9.210500389652693798e-01,4.452055986451046721e-01,1.738744371568133662e+00
-2.242093700794955069e+00,-1.926058790052561420e+00,1.174866583039294810e+00
-4.186614477421624514e+00,-2.619710717693735980e+00,1.228831934716887098e+01
-3.442928025895175548e+00,-1.634809441549354148e-01,1.152679150318457957e+01
-4.680857326587598344e+00,-4.078434468191519890e+00,1.375355637548575949e+01
-1.708736375899110094e+00,3.529173782896805278e+00,9.978127568114434354e+00
-2.233148110434051148e+00,-2.195833465863803458e+00,5.952835514075660583e-01
2.216361314537341087e+00,1.467141264369281828e+00,7.846540005316254174e+00
4.128112468092913545e+00,-3.851569306606475784e+00,9.338173936011214593e+00
-4.577419099112347567e-01,4.170681601205902922e+00,8.550890858500990177e+00
9.186557351776194480e-01,2.955681072696179079e+00,6.755290505167090842e+00
4.818002551286115320e+00,-4.536933009123735872e-01,2.230576198237476859e+01
-1.455874748882883818e+00,-3.664020140866455222e-01,1.386767256261508763e+00
1.344341796117609178e+00,-1.062286501028868457e-01,1.594797564582945748e+00
-4.069860653841143261e+00,-1.674878294372981191e+00,1.321400915293829570e+01
-4.479556202714923607e+00,-1.491429229915493870e+00,1.708356531345075524e+01
4.892730691769207496e+00,-1.414245003670444589e+00,2.111032361483949771e+01
-9.674662918762386710e-01,3.360392010230114579e+00,7.656775046376989025e+00
4.821084951935386442e+00,-2.007071020564759056e+00,1.922871807264830935e+01
5.146941386820360620e-01,3.879209927905328925e+00,8.023329912204300030e+00
9.292723509601330534e-02,-3.150709193092235960e+00,-6.292782915161882151e+00
-2.336617072253174499e+00,-5.668845080448061680e-01,4.326010326255384619e+00
1.999413731191715726e+00,-7.765736567883756436e-01,2.444507954901227187e+00
3.516363228517473516e+00,3.308335814200518143e+00,1.898148198327086789e+01
-4.834517239851727766e-01,-2.720858307764821848e+00,-5.207991046105408195e+00
4.215885436621709559e+00,-1.622677808214541884e+00,1.452833439828993889e+01
-3.967107612533754768e+00,2.375999937535461015e+00,2.048994268449418854e+01
-1.202172922121018672e-01,4.231847802161938787e-01,8.608217577791976716e-01
4.180687736527421094e+00,3.453039501495736019e-01,1.816875785064991788e+01
5.997999255579644640e-01,3.502967458723148297e+00,7.365694868145636676e+00
1.587358831786195523e+00,9.808841580801486160e-01,4.481476377009932399e+00
-3.720693759045269111e+00,3.544185280190948362e+00,2.093193260898031127e+01
3.557106888401619926e+00,-8.789942438985658413e-01,1.089502092771712327e+01
-2.489275236882834363e+00,1.313129497612647967e+00,8.822750200183387292e+00
2.297107362795941299e+00,-1.116376534789961461e+00,3.043949166631401582e+00
1.855370628778658215e+00,2.884036641147061708e+00,9.210473452428637131e+00
4.577241376106570669e+00,-2.403682145632849654e+00,1.614377432387627209e+01
2.768113998458568759e+00,-1.975850054509536768e+00,3.710754999443211410e+00
1.459980489564451922e+00,-4.364290217457439169e+00,-6.597037405006021871e+00
6.371720990459719403e-01,5.609047275320966364e-01,1.527797738866843114e+00
-3.436585432901969384e+00,2.031625335331852966e+00,1.587337010829772233e+01
3.003401860410058077e+00,-2.272340372531197694e+00,4.475741990052203079e+00
1.732765991675702999e+00,-2.614707256302163607e+00,-2.226936530696444816e+00
-2.699026807332342237e+00,9.542074845526915539e-02,7.475587203609154408e+00
-4.062888501268666630e+00,2.923886339106164023e+00,2.235483565195347921e+01
-1.482112483173767536e+00,-1.933917154074303646e+00,-1.671176895369095750e+00
-5.668805905387062083e-01,-4.813166787117070911e+00,-9.304979970304628978e+00
-1.282386948058098497e-01,3.597631058270433613e+00,7.211707279386365244e+00
-9.089846011769040501e-01,2.054333044836567979e+00,4.934919094849870902e+00
4.610257662094124242e+00,-2.996085493646842846e+00,1.526230472360389356e+01
1.208208241313651676e+00,1.589585916716863778e+00,4.638938987811954462e+00
1.408852451998209077e+00,2.013795563562701396e+00,6.012456358626768527e+00
3.446617142111580989e+00,-4.029373314322840294e+00,3.820423095651721113e+00
1.615872847509067789e+00,2.205947112541615240e+00,7.022939284400293580e+00
-2.670383168458419831e+00,4.769504593801158876e+00,1.666995545398834722e+01
5.241067395066121293e-01,4.641265514310665807e+00,9.557218903017583145e+00
-9.803529141447970829e-01,-1.114517139529901613e+00,-1.267942442787607371e+00
-7.390454827970511786e-01,7.436838675455801351e-01,2.033555960733886891e+00
-1.468286988359022160e-01,4.700648952156633698e+00,9.422856571115111990e+00
7.733882442441464278e-01,-4.767024170886607237e+00,-8.935918965438171213e+00
3.129662561109597618e+00,3.755166781572048862e+00,1.730512130955518302e+01
-7.378948826469322597e-01,3.393585632728257195e+00,7.331660123293044506e+00
9.947281245009289563e-01,-4.307864156780136788e+00,-7.626244271887138382e+00
2.694550072178035549e+00,6.109849470540584804e-02,7.382797080885468155e+00
1.001532914420963039e+00,9.231494281900083365e-01,2.849367035048564922e+00
-1.941310874678328080e+00,3.556801582863993616e+00,1.088229107787232230e+01
-1.205253852018906890e+00,-1.375534961041701365e+00,-1.298433074276989618e+00
-4.671332316517013084e+00,4.918713003475330581e+00,3.165877161828686326e+01
-4.077560291136705928e+00,4.002609915466731394e+00,2.463171775878831937e+01
1.900683309394773701e+00,4.800159927606372889e+00,1.321291689782461454e+01
3.721131070288560494e+00,-4.238213017073042543e+00,5.370390408120803372e+00
-3.770990814453363260e+00,-2.575532482780253041e+00,9.069306757131133878e+00
4.172515847646881326e+00,-9.153603976263884334e-01,1.557916770361159564e+01
4.039723876834383276e+00,-3.473646393275430455e+00,9.372076214514958536e+00
1.949218907736495865e+00,1.791508758503032261e+00,7.382471867283522116e+00
4.569913591179282975e+00,2.885166500382220889e+00,2.665444323160957296e+01
4.855552466230456332e+00,2.234183617259381194e+00,2.804475698683543072e+01
-3.585736074221985703e+00,-4.304247978623443771e+00,4.249007236730010462e+00
-1.371700638384520055e+00,1.384861963951643737e+00,4.651286569247787384e+00
-7.111791949012609138e-01,-1.515706314834706081e+00,-2.525636782409006464e+00
1.065084174132106654e+00,3.700958981731439223e+00,8.536322261449550197e+00
-3.887104378017435025e+00,-4.485255478990892719e+00,6.139069487620524512e+00
-4.995328004833857527e+00,3.997173935581042059e-01,2.575273666299361608e+01
-5.290488074159549470e-01,2.941838533675769973e+00,6.163569707979783985e+00
2.262411577691328723e+00,-3.383805441284459814e+00,-1.649104735697152435e+00
-4.058727842093192706e+00,-1.674811489434933076e+00,1.312364871731259797e+01
-1.974762181223418622e+00,-4.466010360335989304e+00,-5.032335048281704637e+00
-4.358197206221850806e+00,-3.085722202716155493e+00,1.282243848288763388e+01
1.922601909670838438e+00,-9.067467189419353701e-02,3.515048759281567570e+00
-4.958908954698436844e+00,2.299086340748900170e+00,2.918895070248614232e+01
3.309202236599864122e-01,-4.573091541220607681e+00,-9.036674888014040619e+00
-1.929011323248958298e+00,-3.693041489903607921e+00,-3.664998294584518757e+00
-3.293000865252748710e+00,3.767249519158117010e+00,1.837835373687158480e+01
-2.759049899127706595e+00,-4.709873287638877137e+00,-1.807390229401145909e+00
2.734388603646467075e-01,-9.273109957888623356e-01,-1.779853181220207858e+00
-3.020800154199926091e+00,1.467307993064831173e+00,1.205984955774395928e+01
-4.345873116033872385e+00,-4.996670470023146571e+00,8.893272200619668055e+00
-2.463919537941883231e+00,-4.409994340792303902e+00,-2.749089192132864845e+00
-3.105686333443302694e+00,4.516256920781087203e+00,1.867780144329868008e+01
-3.535516253369651807e+00,2.614939119933405998e+00,1.772975341770779067e+01
4.453048144540192155e+00,-2.991569567472203151e+00,1.384649864264844155e+01
-2.934515927320116901e+00,4.198150449725106981e+00,1.700768462714565743e+01
3.642679496940070649e+00,-7.065760140182497651e-01,1.185596188939106632e+01
7.870093506979394249e-01,1.375447157987709446e+00,3.370278034061411354e+00
-1.549573290542344495e+00,2.700307455666450807e-01,2.941238873895519301e+00
2.975328203515470449e-01,-1.253954887821511210e+00,-2.419383996456676567e+00
4.494843457069267245e+00,-1.907009489373304945e+00,1.638959872481179048e+01
3.889250768518524026e+00,-2.454566327470588671e+00,1.021713888548075388e+01
1.792613925648609552e-01,1.717837756569123187e+00,3.467810160002539721e+00
-9.434612696137527621e-01,4.256339676954485896e+00,9.402798521170165458e+00
1.927298037935698538e+00,1.049592923072663275e+00,5.813663573176119925e+00
-9.068039038526922724e-01,3.888706954049503395e-01,1.600034710852383579e+00
1.830695867398573817e+00,4.100975666649720353e+00,1.155339869220965809e+01
-3.075002584778077086e+00,-2.612287821617816697e+00,4.231065253156222283e+00
-2.423484467395037534e+00,-1.843990300535852889e+00,2.185296362633303069e+00
-3.778887886076956804e+00,-3.610960277500169013e+00,7.058073100538832634e+00
-8.816063873487358649e-01,2.525798148189939418e+00,5.828826118593967820e+00
4.938807900307635279e+00,5.060307739696625617e-01,2.540388502408043792e+01
9.421534623811052001e-01,-1.878673625904667688e+00,-2.869694105132630568e+00
4.785614292066675546e+00,-8.070288027246608209e-02,2.274069839188789643e+01
2.161500864860381732e+00,3.870327500632225082e+00,1.241274099005662812e+01
4.022824407230451982e-01,2.882744173150144640e+00,5.927319508414379712e+00
-2.374005278596755808e+00,4.519953489333129681e+00,1.467580804147151952e+01
-1.712674136609532383e+00,5.015406674114650798e-01,3.936334033034137203e+00
-4.163819894815689260e+00,-2.307042785128721185e+00,1.272331054620549473e+01
4.340986651164534749e+00,-4.951302717099790307e+00,8.941559671389102348e+00
5.590000459238311237e-01,2.925009955710677900e-01,8.974830424849808974e-01
1.233042639070255575e+00,1.598913516240186183e+00,4.718221182245713408e+00
1.277087982272471223e+00,2.072340841107323861e+00,5.775635396679419387e+00
1.742301990111578824e+00,2.956990616750281298e+00,8.949597458247330550e+00
3.390087035912113578e+00,3.565646724076467322e+00,1.862398355921231285e+01
-2.629269265546442469e+00,4.501246279777822323e+00,1.591554943030277336e+01
4.938336104688472616e+00,-2.299715934257609007e+00,1.978773161435449879e+01
-4.862572783155383327e+00,-4.543574446114480914e+00,1.455746517925452999e+01
-3.451326122239350980e-02,1.252045088836940323e+00,2.505281342874085659e+00
-4.203281637473507359e+00,5.774722740478743788e-02,1.778307097873154419e+01
3.066939368720953851e+00,-8.211008887913662235e-01,7.763915313827750353e+00
-6.803616581498950211e-02,1.817497490771069479e-01,3.681284180130186545e-01
2.914343103419132497e+00,4.176685038026192842e+00,1.684676580049904615e+01
1.056430187466439463e-02,1.840755154105830016e+00,3.681621912685759224e+00
-1.220745788588153413e+00,1.231904740183134450e+00,3.954029760721981646e+00
3.263292262333536087e+00,-1.822886758609100433e+00,7.003302872187727957e+00
-4.370759419202405738e+00,-2.822513339676224753e+00,1.345851122119410270e+01
4.537337965506369031e+00,-3.524639099930795272e+00,1.353815761336388590e+01
1.458932578948588521e+00,-7.352708158583096676e-01,6.579426382009603280e-01
2.027121850449876916e+00,-3.392164104121450308e+00,-2.675105211671567673e+00
1.713100860050032814e+00,-1.590065382418873519e+00,-2.454162081335851120e-01
1.310786030762597143e+00,2.739069716545819766e+00,7.196299451534003744e+00
-3.324065842566465978e+00,-2.863117401025715658e+00,5.323178923665677686e+00
-2.369984547815122689e+00,4.501109361909207962e-01,6.517048629264293069e+00
2.287361693498073834e+00,-1.088114170791674162e+00,3.055795175299027555e+00
1.702144682715145407e+00,-1.399851814523547233e+00,9.759289184834862851e-02
-2.882931034272093740e+00,-4.479101965468462510e+00,-6.469125825677615182e-01
-9.941019693461505824e-03,3.258988512115816860e-01,6.518965262957091555e-01
9.032862877944598523e-01,-2.859514477602057347e+00,-4.903102837486619237e+00
-1.297844027609036388e+00,-2.916304050571062234e+00,-4.148208981141679352e+00
3.982508906168035878e+00,2.798574700943952109e+00,2.145752658959563064e+01
-3.141719513383374185e+00,-3.461683514443430809e+00,2.947034471887004514e+00
4.519488133593219104e+00,-2.105332609575464531e+00,1.621510777053898877e+01
-2.897603483779349620e+00,4.859202502672065549e+00,1.811451095455435478e+01
3.187674672464384074e+00,-4.876057962940443247e-01,9.186058224882829748e+00
3.494713946382770331e+00,4.810074574471334685e+00,2.183317471598490656e+01
3.718454703793025118e+00,2.446899443652091222e+00,1.872070427146465477e+01
3.132926097275646526e+00,-1.846268674897277862e+00,6.122688581196257473e+00
3.777262355278731221e+00,3.533467298036059745e+00,2.133464549667794685e+01
-3.679160122396272214e-01,-3.264799725264375674e+00,-6.394237258466441531e+00
-4.748529108069684312e+00,1.030762208121737800e+00,2.461005310642854838e+01
-2.644516995038243223e+00,-2.950708192023536736e+00,1.092053752999026628e+00
-2.880239353652252809e+00,4.946609030420697550e+00,1.818899679516854206e+01
4.080109380658026197e+00,6.882049265370184798e-01,1.802370241120765826e+01
-4.412924098022175556e+00,3.046137456821405465e+00,2.556617400854764099e+01
7.403577252436619460e-01,2.356443200894542400e-02,5.952584253458604868e-01
-1.502604447907241791e+00,1.950059194750144442e-01,2.647831965820655942e+00
-3.964902577176234733e+00,-2.686701123413021364e+00,1.034705019967270445e+01
1.936565565424182012e-01,-3.342013361339772004e+00,-6.646523860787676874e+00
-2.209324733363074778e+00,-3.361904752471080116e+00,-1.842693727492338951e+00
2.444514544322684557e+00,-4.894965428292544551e+00,-3.814279499179947130e+00
-1.264555947299725869e+00,3.767456586366122906e+00,9.134014916583353738e+00
2.963631623918869806e-01,4.543858594700235898e+00,9.175548313423391278e+00
1.423824900943326810e-01,-2.843614833949548171e+00,-5.666956894413633705e+00
2.969698528005925375e+00,3.143128731051049840e+00,1.510536680934265874e+01
-8.138998819583722621e-01,2.630977815436446932e+00,5.924388648724746353e+00
4.542586773593640714e+00,4.881269870705061464e+00,3.039763433703800644e+01
-2.562419540960835462e+00,2.797251988255875510e+00,1.216049788040968949e+01
3.623985063908266469e+00,-3.085254347756930748e+00,6.962759047916341260e+00
-3.095549408885638343e+00,4.663409743778007766e+00,1.890924563040823969e+01
4.186681283276762144e+00,3.713602680796682876e+00,2.495550552933332256e+01
1.014568251638739760e+00,-1.927466872853778046e+00,-2.825585008474266857e+00
4.104871317586992419e+00,-3.593399559444458990e+00,9.663169415059453371e+00
-1.649868977472318754e+00,-2.284256948129912423e+00,-1.846446253434270268e+00
3.347862025180543100e+00,-3.356785949979030015e+00,4.494608239687908124e+00
-4.672327349848899303e-01,1.737236130227274522e+00,3.692778689096009259e+00
-4.792534167552392255e+00,1.436565417510394127e+00,2.584151458217788999e+01
3.132197583412139608e+00,-3.587218670131843368e+00,2.636224361269160710e+00
2.968249298706139072e+00,4.695007263168550438e+00,1.820051842560658883e+01
-8.990298812435515430e-02,-1.028352789793867128e+00,-2.048623032314046188e+00
-3.265428693034237995e+00,1.012250301989112700e-01,1.086547460968911416e+01
2.753569581676785560e+00,3.725790871789634195e+00,1.503372718471493741e+01
4.381814748462806719e+00,8.203274188447977622e-01,2.084095532753576663e+01
-3.032351019230538292e+00,1.014548122169451894e+00,1.122424894816738750e+01
3.186593615686772907e+00,-4.010535424106588920e+00,2.133308023322522118e+00
5.376403245593452951e-01,-2.989469291053736821e+00,-5.689881463515195748e+00
-4.953862543992764600e+00,4.306726500228117871e+00,3.315420710523069658e+01
-2.366017880706408061e+00,-4.096152633564411616e+00,-2.594264655306380618e+00
1.484296635784159157e+00,-1.032544430576518568e+00,1.380476418471356936e-01
4.565073006918566989e+00,-3.507998432212555695e+00,1.382389469407141291e+01
-1.385531063375855521e+00,1.435629085904467139e+00,4.790954499388362819e+00
2.345467813786141775e-01,2.941582331039144904e+00,5.938176854733357324e+00
-2.072900743056066197e+00,-3.364645109564597725e+00,-2.432372728566804199e+00
1.893983663011411522e-02,-2.019652099927534472e+00,-4.038945482443493162e+00
3.908187886968878644e+00,-1.414020751902632433e+00,1.244589105604500290e+01
2.648714544704061424e+00,-8.853853680375989299e-01,5.244918003251645366e+00
-1.387326388653626896e+00,-8.993589648592914543e-01,1.259565789361312138e-01
1.873540159201359856e+00,-3.848395119980423384e+00,-4.186637511820590518e+00
2.545751331625658587e+00,2.446521066146425838e+00,1.137389197476666602e+01
-1.272600782520918461e+00,1.171091261381765669e+00,3.961695274436385361e+00
4.307321278072780757e+00,3.030815707384002522e-01,1.915917973401533203e+01
-3.186865874207993610e+00,2.119630468063737005e+00,1.439537503631895277e+01
-9.799991881758174372e-03,2.204118550204835714e+00,4.408333140250554116e+00
3.662629487588887400e+00,-6.983993763874352112e-01,1.201805601058076611e+01
-1.178919183377526991e-01,-3.921564281616110925e+00,-7.829230058822866489e+00
2.684297060952922642e+00,2.578697886721421639e-01,7.721190288784782751e+00
6.694647139698606253e-02,3.037740972303028641e+00,6.079963774638565077e+00
-1.208921070202715331e+00,-5.604520505691503729e-01,3.405860528417778976e-01
-3.822750968330075327e+00,-6.009506014382761663e-01,1.341152376299197613e+01
-1.924866388187807864e+00,-4.569793598920485422e+00,-5.434476585465794152e+00
-8.286376957094896412e-01,2.780424353190902309e-01,1.242725301388913239e+00
-3.294758548157299405e+00,-3.734105775846497721e+00,3.387222338962599721e+00
-1.614877220225571008e+00,4.540131451245217775e+00,1.168809133889390317e+01
2.360363859089071426e+00,-7.768729262316265149e-01,4.017571694830600393e+00
1.266974031760544683e+00,4.886381101281140005e+00,1.137798539971785061e+01
1.938519745883755974e+00,2.088879654863964319e-01,4.175634736154014703e+00
-1.492261202252334940e+00,-3.789026661300629595e+00,-5.351209826853675189e+00
4.248983040021860447e+00,4.997339937198487902e+00,2.804853674879038650e+01
-8.139852396988125349e-01,3.122554242694571158e+00,6.907680455836676003e+00
-1.756294695072876166e+00,3.245259110385344314e+00,9.575089276711816311e+00
-2.188995617481258371e+00,-4.538833611016253045e+00,-4.285965408680350031e+00
-3.274535582364742403e+00,-3.326020421802765803e+00,4.070542436567270883e+00
4.736987772472865288e+00,-1.841621203990309041e-01,2.207072891575937490e+01
-3.969418816903804714e+00,-4.628559921930649246e+00,6.499165900128701878e+00
-4.560249989054475428e+00,-4.933961135415478871e+00,1.092795769184038512e+01
5.320169245610610886e-01,3.387624108434648562e+00,7.058290224888707165e+00
4.240513327571926894e+00,3.536611705311729636e-01,1.868927562237747964e+01
-1.957153496868084819e+00,2.946652688419000299e+00,9.723755187140973533e+00
-2.933559769828214314e+00,3.058292441671506268e-01,9.217431411488867354e+00
2.499871953671569003e+00,-7.191276043340257829e-01,4.811104576085655893e+00
3.665824879622302745e+00,2.845646303457659343e+00,1.912956465497318703e+01
-4.831934430264839264e+00,1.854084261843440551e+00,2.705575886206568015e+01
3.606805861461118923e+00,-2.452417464219229792e+00,8.104213593831824269e+00
-4.713649010125088523e+00,2.889225793686877708e+00,2.799693857802698105e+01
1.404653419512086998e+00,-3.697098386942032633e-01,1.233631551558592498e+00
2.063518686430612092e-01,-4.528746167227514441e+00,-9.014911240762545575e+00
3.705694633431072305e+00,-2.896364469809507014e+00,7.939443776620835891e+00
-2.380926657502282495e+00,-2.524855553349125703e+00,6.191006417067397294e-01
4.357939992916735505e+00,-1.013014176784363674e+00,1.696561262829439087e+01
-2.119266832934707523e+00,7.663861080599154718e-01,6.024064125296936467e+00
-5.032185863134124304e-01,-2.109393018974241585e-01,-1.686496581835790209e-01
-1.699101111686807997e+00,-4.446740534045052762e+00,-6.006536480354759178e+00
4.062253198048622949e+00,-1.067511808689767250e-01,1.628839868331831298e+01
-3.206350300824293065e+00,2.603780268563685496e+00,1.548824278872340621e+01
-2.700246582548086138e+00,-2.516255711914995530e+00,2.258820182732627302e+00
1.926912726318716018e+00,1.271470599681327585e+00,6.255933854211681577e+00
-1.491728895939096411e+00,2.448960000248430191e+00,7.123175099476535266e+00
4.961504665349906418e+00,3.656808514395395449e-01,2.534789024716796746e+01
-3.963528832117475531e+00,7.497697628646005086e-01,1.720910032875572071e+01
2.829686489487000856e+00,-1.104707495671010342e+00,5.797710637443245218e+00
9.538670063712562097e-01,2.502467494773785717e-01,1.410355764798419287e+00
1.177584065170171890e+00,-1.288322664707889587e+00,-1.189941098873071645e+00
3.029086600039295973e+00,-2.572187106176229143e+00,4.030991418185163155e+00
-4.440298120744177623e+00,8.945222628779339047e-01,2.150529192684014390e+01
-4.957076499484651677e+00,-4.443430614115926325e+00,1.568574619351115551e+01
-1.619330992850986917e+00,8.771184734455514942e-01,4.376469811298866475e+00
-4.873925378293932908e-01,-2.790205081641153662e+00,-5.342858677350530883e+00
-9.481147230549673566e-01,-4.379515375851305237e+00,-7.860109223629012654e+00
-1.547686084569469323e+00,-4.083326091812065961e+00,-5.771319967254157746e+00
-6.155919648288934454e-01,-4.689222675500033688e+00,-8.999491883838169670e+00
-3.648809951157475417e+00,-5.377913741679849480e-01,1.223823131132984798e+01
-3.148640096492036911e+00,-9.534464115307264009e-01,8.007041634175930511e+00
-1.195627565737264142e+00,4.053400542143844376e+00,9.536326360238504662e+00
-3.462040688394261156e+00,2.745438820585688333e-01,1.253481349221454799e+01
2.602573163290387903e+00,3.161198198065257259e+00,1.309578346640985025e+01
3.944653784588931345e+00,-1.331023838245264379e+00,1.289824580378125063e+01
-3.599480476220409120e+00,4.139222796335635834e+00,2.123470529136317708e+01
-1.984968531873772868e+00,-2.536820286251614043e+00,-1.133540499974106996e+00
3.854804446922635464e+00,8.301355012879598760e-01,1.651978832659044372e+01
2.192934899927627690e+00,2.997785736591270123e+00,1.080453494850313589e+01
1.596543210693397441e+00,2.291922623736306619e+00,7.132795471083795746e+00
-2.218411284853365473e+00,-9.028018917312472524e-01,3.115744845302264920e+00
-9.640803666915296333e-01,-4.620997536938395989e+00,-8.312544120436717421e+00
3.113438487112174968e+00,2.172690980249232240e-01,1.012803740908119465e+01
1.057609523532598850e+00,7.426705988886546095e-01,2.603879102044159843e+00
2.156676215191675183e+00,2.868038778888871931e+00,1.038732985495123273e+01
3.079524397724004103e+00,1.999070086896797882e+00,1.348161068997098511e+01
-2.693160568983767877e+00,4.056795810950013959e+00,1.536670547222900041e+01
-1.243150152661007812e+00,-4.750993797796946083e+00,-7.956565293532804617e+00
-4.284234018219692075e+00,1.404565197770396345e+00,2.116379151841164230e+01
1.538655411667165573e+00,-3.084521115670979530e+00,-3.801581755489304104e+00
3.003692994548664785e+00,-2.792825010859400159e+00,3.436521583781924960e+00
1.044263383673130541e+00,-2.543342355350610706e+00,-3.996198696220765623e+00
2.875772863474422181e+00,2.733040991636052297e+00,1.373615154556798146e+01
-1.202536953929296271e+00,4.509045081991374104e-01,2.347904141963825353e+00
2.307521969446188592e+00,-3.311473086680955191e+00,-1.298288533885093798e+00
3.002078566787746539e+00,1.927666704763263184e+00,1.286780913069289589e+01
3.017936920208949658e+00,-2.540806740832772803e+00,4.026329772694735354e+00
4.743298714134452254e+00,-2.994350556877112268e+00,1.651018157775532202e+01
4.923735985228793410e+00,3.297717944512415400e+00,3.083861194126178873e+01
-3.042657575850176155e+00,2.469790010327562513e+00,1.419734514453359608e+01
-2.502877301034134305e+00,-1.806507075180125987e+00,2.651380633671660547e+00
-4.475081758017730671e+00,-3.576395867058565159e+00,1.287356500682593108e+01
-2.494241840601406857e+00,4.512472728510319442e+00,1.524618781642733367e+01
-1.157759931507040818e+00,4.846113075337441956e+00,1.103263420967807207e+01
-3.002399433981327803e+00,-1.007449217742507841e+00,6.999503925686381578e+00
-3.663958258736900397e+00,-4.640515783962442242e-01,1.249648696497385103e+01
-5.377081409802286771e-02,7.491065201880129365e-01,1.501104340824789940e+00
3.891114274319550148e+00,3.554214149053692040e+00,2.224919859392074528e+01
-4.452824021232819618e+00,8.978523255165313799e-01,2.162334641510108213e+01
3.987522045995824271e+00,-4.016700666087040794e+00,7.866930735128642382e+00
-3.684951050366063185e-01,1.834232726607658570e+00,3.804254095651256495e+00
-2.447817213659066127e+00,-1.046061944624899986e+00,3.899685222235834026e+00
-1.175423945713537144e+00,1.152617364207555894e+00,3.686856180571892239e+00
2.501401200219658172e+00,2.972587979751986076e+00,1.220218392396431817e+01
-2.356832558708856773e+00,2.106136011430946198e+00,9.766931732652029297e+00
4.323062639976294363e+00,1.620356434195836748e+00,2.192958345755047844e+01
1.105250147527742755e+00,-2.572742956752346544e+00,-3.923908024894595670e+00
-1.783914258768137806e+00,1.342625376243295143e+00,5.867600835122864567e+00
2.523664269099874957e+00,2.181908394775698312e+00,1.073269813268280259e+01
-2.920861747745635562e+00,1.225349464535931965e+00,1.098213227851555196e+01
-4.411818745563039101e+00,-3.453011770053148410e+00,1.255812110359513056e+01
-4.244904346670150375e+00,-1.819069642098285478e+00,1.438107362818256441e+01
2.666173057822254222e+00,5.395695146401759956e-01,8.187617803537621697e+00
1.614039343299781493e+00,-1.432079178140840625e+00,-2.590353545620911468e-01
-3.285740338324934839e+00,4.117917222541763067e+00,1.903192401597918604e+01
3.717245706031695462e+00,-2.536969767055566649e+00,8.743976104899944701e+00
-4.496188727358151560e+00,-2.858607131996634187e+00,1.449849880802924496e+01
5.046513887002941345e-01,-2.583497460026008774e+00,-4.912321895934882221e+00
-9.333553727600918393e-01,9.801322252052449002e-01,2.831416702270619812e+00
2.337020904843782887e-01,-9.861881885916137236e-01,-1.917759710086458957e+00
3.122315527819161218e+00,4.182359242229338747e-01,1.058532610370651561e+01
2.491358680171763318e+00,3.023741442529198409e+00,1.225435095832558829e+01
-5.665325407506704991e-01,-3.188784999398164288e+00,-6.056610879066918862e+00
2.746678816932889511e+00,-4.048761206455219863e+00,-5.532778895225822779e-01
-4.478600178978226154e+00,1.069544794886693850e+00,2.219694915291718829e+01
3.875097748597845282e+00,-1.943236248123140442e+00,1.112991006494180901e+01
-4.121989788867201909e+00,2.468608868754174068e-01,1.748452159327631605e+01
7.646064316563450092e-01,3.429329631211722074e+00,7.443282257753693010e+00
2.576768866338642106e+00,-3.452419103019876090e+00,-2.651004155076215341e-01
-1.469440262419945409e+00,-1.596011019566693001e+00,-1.032767354312587926e+00
1.111029758335054574e+00,3.687925476249285239e-01,1.971972219155906814e+00
-5.121687285612637197e-01,3.390495199886686351e+00,7.043307206289433964e+00
-2.592519386985681074e+00,-1.020176698876242849e+00,4.680803374144125506e+00
1.474432535728327665e+00,-3.209304930033648695e+00,-4.244658557653030684e+00
3.175217974697400081e+00,4.831850744865510805e+00,1.974571067657247880e+01
1.922552955833337407e+00,-1.311297648407465655e+00,1.073614571168571175e+00
1.801768212870510588e+00,-3.490661923724428739e+00,-3.734955154538263766e+00
-4.884634460261857214e+00,-3.823823750435699775e+00,1.621200630950624344e+01
5.993000736893208114e-01,4.912612952967474911e+00,1.018438648425897597e+01
-4.135169768237058285e+00,7.970172965318766956e-02,1.725903247144810138e+01
-2.925223742668303650e+00,-3.582927142957518463e+00,1.391079658755321802e+00
2.438478394419898443e+00,2.329790844254729265e+00,1.060575856856210564e+01
-7.394920897750436595e-01,4.868022032667223442e+00,1.028289261617430839e+01
2.050508312227179886e+00,-2.758171519614886158e+00,-1.311758700717014392e+00
1.220244385265796261e+00,-3.989066988879352849e+00,-6.489137617986004969e+00
-4.391002226444983059e+00,-3.557720057438109595e+00,1.216546043776857999e+01
4.647087728915860083e+00,9.690718150170649636e-01,2.353356799027449497e+01
1.565079388433783691e+00,3.988359481329021961e+00,1.042619245475831136e+01
-3.952475148931688054e+00,2.491460362885029589e+00,2.060498052869262864e+01
-8.748869029579156020e-01,3.765890907664839915e+00,8.297208908296973107e+00
3.536374503437434313e+00,-2.768131302417702333e+00,6.969682023726956110e+00
2.573238516710576462e+00,2.929681823986095779e+00,1.248092011185503836e+01
