-2.406356912642246826e+00,4.274916721552472154e+00,6.143476530462697482e+00
2.167725103527646802e+00,-3.541325623313829052e+00,-4.914926143100011302e+00
-1.977409625063622833e+00,-2.209480644767736202e+00,-6.396370914599095236e+00
-1.915414712971994504e-01,-3.627212063028932842e+00,-7.445965597355065135e+00
2.897519350018442630e+00,2.387347045149468272e-02,2.945266290921431995e+00
-3.386822893328701234e+00,-4.957485910405687868e+00,-1.330179471414007608e+01
4.866207894274873880e+00,-4.613354438703743732e+00,-4.360500983132613584e+00
3.014033149093021891e+00,-5.199778630463889328e-01,1.974077423000244025e+00
-3.667658902223627226e+00,3.356297495207513748e+00,3.044936088191400270e+00
-3.542606745263683354e+00,1.164856961884197517e+00,-1.212892821495288320e+00
4.709159384304618001e+00,8.049581633413795956e-01,6.319075710987377192e+00
-3.296972228240696801e+00,-3.873248350258683637e+00,-1.104346892875806319e+01
3.677827910549037682e+00,2.690963028216504682e+00,9.059753966982047046e+00
4.644001921088861451e+00,1.485548458944222716e+00,7.615098838977306883e+00
4.259079723313480059e+00,-1.997611054963087440e+00,2.638576133873051788e-01
-4.305770212658003082e+00,3.641853823083579300e+00,2.977937433509155518e+00
3.222769959816718099e+00,3.360342924714812440e+00,9.943455809246342980e+00
-3.097890301524941492e-01,1.397248207270656017e+00,2.484707384388817886e+00
-4.323676911995121053e+00,2.301842159822006906e+00,2.800074076488927588e-01
-2.016004875116865769e+00,9.920528967575856782e-01,-3.189908160169441231e-02
-5.235663856727112986e-01,1.878823472979016529e+00,3.234080560285321759e+00
4.202743747238349314e+00,-1.805033011890685657e+00,5.926777234569780006e-01
2.882549860124622221e+00,4.120387589672896311e+00,1.112332503947041573e+01
2.659136599708860516e+00,2.368809598127523230e+00,7.396755795963906976e+00
-1.555397682726664677e+00,9.915142715542231144e-01,4.276308603817815523e-01
-9.917053863894782495e-01,-4.245456180986244554e+00,-9.482617748361967358e+00
-4.613922035487273199e+00,-2.513536563421264525e+00,-9.640995162329801360e+00
-1.662225069817411249e+00,2.466274905161851549e+00,3.270324740506291850e+00
-5.525635633696879268e-02,2.316537417026991008e+00,4.577818477717013224e+00
-9.085059930897818603e-01,-4.260615714247212082e+00,-9.429737421584206913e+00
-3.692114510880528666e+00,1.739980404318849594e+00,-2.121537022428294783e-01
-2.683533495399268443e+00,3.889043004837898110e+00,5.094552514276527333e+00
-3.743796952396572841e+00,4.591255570549998666e+00,5.438714188703424490e+00
4.525026847347774606e+00,3.514974282083226598e+00,1.155497541151422780e+01
-3.053369571116354209e+00,4.010156484456793180e+00,4.966943397797232151e+00
9.764377151053267312e-01,-4.012928804989015497e+00,-7.049419894872704262e+00
-1.416770302649068558e+00,-2.555856765445474466e+00,-6.528483833540017045e+00
-4.878911761544203252e+00,-3.275410828152180986e+00,-1.142973341784856522e+01
-2.759587885752171843e+00,-4.801407226388154648e+00,-1.236240233852848114e+01
8.634524095106934638e-01,1.006915101968841597e-01,1.064835429904461783e+00
3.062049436591204099e+00,2.905972588048664207e+00,8.873994612688532513e+00
2.286075623172347804e+00,4.438928241944228859e-02,2.374854188011232381e+00
-3.775948698251596625e-01,-2.741564005402714610e+00,-5.860722880630588882e+00
-3.640022594463373729e+00,-1.698101165860725903e+00,-7.036224926184825534e+00
4.742690789611113900e+00,-3.157389364280238642e+00,-1.572087938949363384e+00
-1.852221335249168988e-01,-4.382177728437286035e+00,-8.949577590399488969e+00
2.894704102921941136e+00,2.429263005115672946e+00,7.753230113153287029e+00
-1.268520832527828546e+00,-4.484598368073897667e+00,-1.023771756867562388e+01
2.926806718087898496e+00,-3.472452955594239832e+00,-4.018099193100581168e+00
-1.551823356070212157e-01,4.413853437854024619e+00,8.672524540101028023e+00
-3.589696020373548180e+00,4.678141813306771368e+00,5.766587606239994557e+00
1.531216395835775401e+00,2.034608988146303865e+00,5.600434372128383131e+00
-3.258794737451615742e+00,2.031718225460856786e+00,8.046417134700978302e-01
-1.637061642844947151e+00,-2.088543730411378530e+00,-5.814149103667704210e+00
4.144925391330865239e+00,6.186249468595450551e-01,5.382175285049955349e+00
-5.199170478269561357e-01,3.628757635351218980e+00,6.737598222875481824e+00
4.917413760726065064e+00,3.940203249597953317e-01,5.705454410645655727e+00
2.914067647230088376e+00,-2.197582747217788679e+00,-1.481097847205488982e+00
2.024778558828893793e+00,3.339349681668128511e+00,8.703477922165150815e+00
-3.697374140064343173e+00,1.760609440810060988e+00,-1.761552584442211966e-01
-2.618971308474460358e-01,2.447203670460194047e-01,2.275436032445927736e-01
2.979328424348902438e+00,6.115699388280049220e-01,4.202468302004912282e+00
-1.769102714933405096e+00,-2.829178794226733018e+00,-7.427460303386871132e+00
-3.378269737096130321e+00,1.921513003949767651e+00,4.647562708034049805e-01
-4.241001718001962573e+00,-1.669011289317912983e+00,-7.579024296637788538e+00
1.578973439421364588e+00,-9.544857737934169251e-01,-3.299981081654692616e-01
-6.748073077854961355e-01,2.272481257146318434e+00,3.870155206507140733e+00
-3.693112798062053947e+00,-9.583548788809972407e-01,-5.609822555824048429e+00
4.808213367017142303e+00,-3.284237480311944513e+00,-1.760261593606746722e+00
3.876943103067207019e+00,-3.040397640531543821e+00,-2.203852177995880623e+00
-3.586860045576931721e+00,1.553058724446643168e+00,-4.807425966836453846e-01
-2.043406831180316630e-02,-3.805989856259301085e+00,-7.632413780830405337e+00
-4.778824438293172605e+00,3.305094472825766516e+00,1.831364507358360427e+00
-2.272662525579003390e+00,3.186864698724725997e+00,4.101066871870449049e+00
-3.372078362929737949e+00,4.541589989822456985e+00,5.711101616715176021e+00
-1.050648337015270606e+00,-4.114530868211833337e+00,-9.279710073438938167e+00
-1.433267393363883979e+00,-1.862663813178426775e+00,-5.158595019720737085e+00
4.417723339158794005e+00,-3.492152276332468830e+00,-2.566581213506143655e+00
2.308629975455290584e+00,-4.294392392802178549e+00,-6.280154810149066513e+00
-7.971845651188687043e-01,2.662053353302628267e+00,4.526922141486387829e+00
-4.939632820439329386e+00,-2.348825683016908528e-01,-5.409397957042711091e+00
-2.657823845881974734e+00,1.066848537372822925e+00,-5.241267711363288839e-01
1.789971210412422131e+00,2.454051980483583861e+00,6.698075171379589854e+00
-3.252894264711481132e+00,-3.727751651798254517e+00,-1.070839756830799061e+01
4.407041573695218872e+00,-1.229873890540803316e+00,1.947293792613612240e+00
1.910203594307490427e+00,-3.221626622842872489e+00,-4.533049651378254552e+00
5.790435688049804241e-01,3.615874721171897122e+00,7.810793011148774667e+00
4.474743094171831359e+00,1.434710414466330519e+00,7.344163923104492397e+00
-2.707363617686420199e-01,-2.379952380214795937e+00,-5.030641122198233894e+00
-1.946455287387211186e+00,-2.474091286825864877e+00,-6.894637861038940940e+00
1.777790703150824214e+00,-1.275247973900044407e+00,-7.727052446492645998e-01
-4.006396920931566186e+00,-1.754717924504189952e+00,-7.515832769939946090e+00
-4.004724937612750502e+00,1.235437620174558049e+00,-1.533849697263634404e+00
2.636238148270280135e+00,3.601245117259367134e+00,9.838728382789014404e+00
2.095492682876846757e+00,7.481445619311664075e-01,3.591781806739179572e+00
-3.782485661764241947e+00,-3.634914207350993465e+00,-1.105231407646622799e+01
4.581557401320107914e+00,-2.642747197735345388e+00,-7.039369941505828621e-01
-2.497384108892016563e+00,4.765929245520423407e+00,7.034474382148830252e+00
-4.152758531803108610e+00,4.339171749306347081e+00,4.525584966809585552e+00
7.587265491467878320e-01,1.139664655041406682e+00,3.038055859229601197e+00
-8.731591180649118655e-01,4.225177993211879368e+00,7.577196868358846871e+00
2.750807427221204193e+00,4.917756567947506596e+00,1.258632056311621739e+01
-2.146372306603949731e+00,-3.217308294054095352e+00,-8.580988894712140436e+00
7.710870337781985384e-01,-1.945217205202798283e-01,3.820435927376388818e-01
1.820998974078875676e-01,-1.475268588657636659e+00,-2.768437279907385751e+00
3.145789334488144462e+00,-4.110819575856888619e+00,-5.075849817225632776e+00
9.913158936432528989e-01,-4.459098849843741164e+00,-7.926881806044229428e+00
2.343927182267927734e+00,4.330446528355389901e+00,1.100482023897870754e+01
-4.795596612513101320e+00,-2.909864378185955669e+00,-1.061532536888501355e+01
1.457927353996947062e+00,-2.179691167193535950e+00,-2.901454980390124838e+00
3.718633347350763785e-01,2.590478117770479649e+00,5.552819570276035677e+00
3.377052117449215629e+00,-2.125287512933453637e+00,-8.735229084176916459e-01
-2.417250536786884396e+00,-4.703133479225982683e+00,-1.182351749523884976e+01
-3.051931269241014988e+00,-1.139632387975558991e+00,-5.331196045192132971e+00
2.490097578166981407e+00,-4.743355615716572160e+00,-6.996613653266162913e+00
-4.790887709243905057e+00,-1.026372898829484903e+00,-6.843633506902874863e+00
1.322163996321136459e+00,-4.507146650808753208e-01,4.207346661593858173e-01
2.656347539648411527e-01,1.294915796107578565e+00,2.855466346179998283e+00
4.681705673804417600e+00,4.527305224399757577e+00,1.373631612260393275e+01
-2.235249530908952842e+00,3.076184535586765634e-01,-1.620012623791599715e+00
-2.958314255551057759e+00,1.543847813569292349e+00,1.293813715875269388e-01
3.351086110992378408e+00,-4.711468086483026063e+00,-6.071850061973673718e+00
-5.454211057854720934e-01,-2.999606412840450709e+00,-6.544633931466373511e+00
-7.921628942596008471e-01,3.047363786119996476e-01,-1.826901370356015519e-01
-2.911776645809408315e+00,-1.121076275019503576e+00,-5.153929195848415468e+00
-4.335636599096154065e+00,4.039068535812791794e+00,3.742500472529429523e+00
-1.711542554996996479e+00,-4.090443755671627990e+00,-9.892430066340253347e+00
2.040195639148240758e+00,-2.179376067222715818e-02,1.996608117803786442e+00
-1.318548528181641366e+00,2.138862869298866265e+00,2.959177210416091164e+00
-1.517947623390058176e+00,4.105691099778072228e+00,6.693434576166086281e+00
-6.227871899055035243e-01,-3.303758495531090578e+00,-7.230304180967684680e+00
-2.630701062981186666e-01,2.697488593846917304e+00,5.131907081395715942e+00
4.425138048264170010e+00,3.242694150647418283e+00,1.091052634955900658e+01
-2.435951007607427776e+00,3.129805043685497168e+00,3.823659079763566560e+00
3.582801918329110435e-01,-2.052131016332189084e+00,-3.745981840831467125e+00
4.922229472316237420e+00,-6.585104305826003923e-01,3.605208611151036635e+00
4.840618809901574338e+00,1.173638099653469880e+00,7.187895009208514097e+00
-4.433031311490093884e+00,-4.035121581758968290e+00,-1.250327447500803046e+01
1.449297038851852903e+00,7.309165383637497015e-01,2.911130115579352307e+00
-3.465127281499909007e+00,3.145385046590014611e-01,-2.836050272181906085e+00
4.611936430481280880e+00,1.544990645463739654e+00,7.701917721408760187e+00
3.708377047324765030e+00,2.188413206721321558e+00,8.085203460767408146e+00
-4.719560926082815300e+00,-1.252330032836983520e-01,-4.970026932650212004e+00
2.849237689831108256e+00,1.979496500677607962e+00,6.808230691186324179e+00
3.427686219922202682e+00,1.546214834257648718e+00,6.520115888437500118e+00
3.497758321139452065e+00,-2.880121153528729661e+00,-2.262483985918007257e+00
4.199302907211581726e+00,1.090847945073266878e+00,6.380998797358115482e+00
4.629758346885488152e+00,-1.210064995540859556e+00,2.209628355803769040e+00
2.093647535310499741e+00,-4.245296288309267752e+00,-6.396945041308035762e+00
-3.244958352560920467e+00,7.922514138633900416e-01,-1.660455524834140384e+00
-2.510309072882532799e+00,-2.609064163078048892e+00,-7.728437399038631028e+00
-2.886305969694355156e+00,-3.290708428133302110e+00,-9.467722825960958488e+00
-3.797480273083564395e+00,-4.489172964480314221e+00,-1.277582620204419328e+01
-1.042311363954261161e+00,3.644697736882173800e+00,6.247084109810086439e+00
2.681302606922741916e-01,-3.399442781476849085e+00,-6.530755302261423978e+00
4.360722711794025486e+00,-4.819496413736659157e+00,-5.278270115679292829e+00
-3.827754380165777626e+00,1.468602270738392335e+00,-8.905498386889929563e-01
-3.168378260415736225e+00,3.124016588833223196e+00,3.079654917250710167e+00
-4.824164006526455495e+00,-3.564248273278634027e+00,-1.195266055308372444e+01
1.404429872761045139e+00,1.357106737267272933e-01,1.675851220214499726e+00
4.071347048684938130e+00,3.763157538975415051e+00,1.159766212663576823e+01
4.667946956545723225e-01,-1.548288952374523575e+00,-2.629783209094474827e+00
1.212759650670408362e+00,2.245103490121389100e+00,5.702966630913186563e+00
1.268474154172142931e+00,4.266964012104729420e+00,9.802402178381601772e+00
-4.514331634884142019e+00,8.788870159985906483e-01,-2.756557602886960723e+00
1.174510698773856276e+00,3.291568718066823607e+00,7.757648134907503490e+00
-1.536346763953770900e+00,2.594848744033556365e+00,3.653350724113341830e+00
-1.635949148227319405e+00,6.672075789430111925e-01,-3.015339903412970202e-01
-2.630038388955070694e+00,-4.737314554454421511e-01,-3.577501299845954996e+00
3.673000558839316199e+00,4.314570871163107668e+00,1.230214230116553153e+01
-6.462610753488728932e-01,1.757063859143750406e+00,2.867866642938627919e+00
1.087679459060173492e+00,2.505080337746017349e+00,6.097840134552208191e+00
-4.462983186886802400e+00,-3.790308474614669798e+00,-1.204360013611614200e+01
3.702994095950007392e+00,1.348747672862105063e-01,3.972743630522428404e+00
-4.540994427671201095e-01,9.514394373086378920e-01,1.448779431850155675e+00
-3.317701363905873002e+00,-1.932790770832376381e+00,-7.183282905570625765e+00
1.650106745618646897e-01,-2.250437597010261914e+00,-4.335864519458659139e+00
3.530726688313654549e-01,4.429519463055562767e+00,9.212111594942491877e+00
-3.759995913059803740e-01,-5.836827162517312928e-01,-1.543365023809442960e+00
1.592198534186529457e+00,-4.967538724698895791e+00,-8.342878915211262125e+00
-3.751019973967988363e+00,5.240363066282807125e-01,-2.702947360711426938e+00
-1.119468558594660657e+00,3.282621220184724464e+00,5.445773881774788272e+00
-3.204289404065053581e+00,-2.954238153408494938e-01,-3.795137034746752569e+00
-2.984368980280494910e+00,-2.094813932639441045e+00,-7.173996845559377000e+00
3.506008631236133155e+00,3.427209537775627979e+00,1.036042770678738911e+01
3.504027575246473347e-01,-3.629028178918052294e+00,-6.907653600311457254e+00
-1.517453687198831780e+00,-4.649627074890915424e+00,-1.081670783698066174e+01
9.932521953323600883e-01,-2.662598720903301963e+00,-4.331945246474243838e+00
4.198272554135535017e+00,-2.577109757502111798e+00,-9.559469608686885778e-01
-2.134526889651232828e+00,3.947949508870886248e+00,5.761372128090539668e+00
-3.333292316971113500e+00,-2.089290872521277542e+00,-7.511874062013668585e+00
-1.554036316057221256e+00,-4.997525946760009496e+00,-1.154908820957724025e+01
-2.397239405898135001e+00,-2.193559101218178764e+00,-6.784357608334492085e+00
2.413105712084471222e-01,-8.209423830396955779e-01,-1.400574194870944034e+00
-2.560011235715923483e+00,-1.870711020101352151e+00,-6.301433275918627785e+00
-9.247884403984150126e-01,1.699196877971800745e+00,2.473605315545186478e+00
-1.990379857445327971e+00,1.584840981670646798e+00,1.179302105895965624e+00
1.250537839383829564e+00,-6.552134422764073207e-01,-5.988904516898507779e-02
-1.170010452597836093e-02,2.921240179763086253e+00,5.830780255000194146e+00
-2.612882298130282166e+00,3.744081197804842276e+00,4.875280097479402386e+00
3.347295682871742173e+00,3.095908808543960333e+00,9.539113299959662839e+00
4.461324487096440805e+00,4.542904095124672637e+00,1.354713267734578608e+01
-1.677527786541652688e+00,-4.149233908858436237e+00,-9.975995604258525162e+00
-1.200185574515089115e-01,7.504415586836614693e-01,1.380864559915814027e+00
-4.619697930750693793e+00,2.852162356736035242e+00,1.084626782721376692e+00
-1.740858755350636056e+00,4.890813836817205384e+00,8.040768918283774269e+00
-3.834489739023567711e+00,-9.951941392942540432e-01,-5.824878017612075354e+00
-1.104800730599704295e+00,-2.914441971568190404e+00,-6.933684673736085102e+00
-2.449857042547245456e+00,3.665033491069371152e+00,4.880209939591496848e+00
-4.304999694183832659e+00,1.146582404000086264e+00,-2.011834886183660132e+00
-2.273716498428658639e+00,2.582439395398232307e+00,2.891162292367805975e+00
4.960841931275023597e+00,3.836212348184044885e-01,5.728084400911832574e+00
-3.998545601801332339e+00,2.277864172478972549e+00,5.571827431566127586e-01
-4.563202951944148822e+00,3.160806761305764212e+00,1.758410570667379602e+00
1.692790551282483236e+00,7.039415755301616784e-01,3.100673702342806592e+00
1.663183470171514244e+00,3.483129769174762913e+00,8.629443008521040070e+00
3.286374351250096026e+00,7.735514966208354437e-01,4.833477344491766914e+00
3.101188060001359048e+00,4.254826225025709618e-02,3.186284584501873240e+00
1.822636795608026716e+00,-3.547013754135743824e-01,1.113234044780877952e+00
-9.847540065732038883e-01,-2.299431753516196775e+00,-5.583617513605597438e+00
-3.638513286286046977e-01,-4.692302547947521774e+00,-9.748456424523649133e+00
1.551662971285463044e+00,6.871813019273727008e-01,2.926025575140208446e+00
3.363198464517838104e+00,1.789044305572550897e+00,6.941287075662939898e+00
-4.484970878189598054e+00,-2.216719442547638863e-01,-4.928314766699125826e+00
-4.261297879646094522e+00,-7.870759780549896334e-01,-5.835449835756073789e+00
2.808573048648844050e+00,3.057585464490431448e+00,8.923743977629706947e+00
-3.089091812181179453e+00,-3.837427188815673240e+00,-1.076394618981252549e+01
1.623481311312455766e+00,1.939170490937929259e-01,2.011315409500041618e+00
9.696382266439744768e-01,3.210534518388568515e+00,7.390707263421111506e+00
-2.682840472761011341e+00,1.691137883989906499e+00,6.994352952188016559e-01
-4.819769464825954586e+00,-4.769521680622363036e+00,-1.435881282607068066e+01
-8.768434174319352792e-01,7.289314816520011675e-01,5.810195458720670558e-01
1.778421300240217384e+00,-4.124217842495775166e+00,-6.470014384751332948e+00
-2.440659151225713863e+00,-7.126467473645847761e-01,-3.865952645954883415e+00
6.152447664327738153e-01,4.451681088819043453e+00,9.518606944070860720e+00
4.194656235289615509e-01,3.606684948327533391e+00,7.632835520184028333e+00
-1.612549119191351021e+00,-4.433884758892965294e-01,-2.499326070969944080e+00
-1.803513233080472844e+00,5.632477090671610398e-01,-6.770178149461507644e-01
-8.618675701480160711e-01,-6.916605343169965892e-01,-2.245188638782009249e+00
6.640243305421886788e-01,-2.668154313307126380e+00,-4.672284296072064080e+00
-1.040616437252767312e+00,-1.499739608929919754e-01,-1.340564359038751263e+00
2.028064603702711466e+00,2.609271782639640769e+00,7.246608168981993003e+00
-6.195395621887875848e-01,3.462402969791824603e-01,7.294103176957733581e-02
3.732597928180581448e+00,-8.734104875227579612e-01,1.985776953135065526e+00
2.165999378955670629e+00,2.942264410426190580e+00,8.050528199808052676e+00
2.487845133196571190e+00,2.909159255495362473e+00,8.306163644187297024e+00
2.793953153730818428e+00,-4.505478751920037439e+00,-6.217004350109256450e+00
4.210921014371658444e+00,-4.282065083840119968e+00,-4.353209153308581492e+00
-4.590028910581773758e+00,-2.179096495570701286e+00,-8.948221901723176330e+00
2.055713754244228753e+00,2.816889581694389300e+00,7.689492917633007352e+00
-2.354784699114709223e+00,-2.230724935109846818e+00,-6.816234569334403304e+00
-9.782257463646448770e-02,2.449716218634176990e+00,4.801609862631889492e+00
-2.736324300109131968e-01,-2.612488963975803102e-01,-7.961302228060738173e-01
1.092918562687724915e+00,-4.260398767401440523e+00,-7.427878972115156131e+00
2.204547913515016333e+00,2.603876411759387111e-01,2.725323195866893755e+00
2.111558944070188737e+00,-1.812473491925350455e+00,-1.513388039780512173e+00
-8.208074229211970163e-02,1.610462295085723028e+00,3.138843847879326354e+00
3.294670744363752846e+00,4.113334667049560522e+00,1.152134007846287389e+01
-1.987047238063181176e+00,-7.487578376613779341e-01,-3.484562913385937044e+00
-4.657707475740465952e+00,4.979433892692028962e+00,5.301160309643591972e+00
-3.068871560502724805e+00,4.809103749748489420e+00,6.549335938994254036e+00
-3.500935974872947387e+00,3.850118278613511080e+00,4.199300582354075217e+00
2.234052638694059567e-01,-3.617360644336704567e+00,-7.011316024804003177e+00
2.438793980689039742e+00,1.891110781029421872e+00,6.221015542747883487e+00
-4.006338338897633911e+00,2.808886968149320928e+00,1.611435597401007946e+00
2.122067625579115990e+00,-4.298452442920539518e+00,-6.474837260261963046e+00
-4.437517153754941823e+00,2.184720506895598824e+00,-6.807613996374417553e-02
-3.816054020919867007e+00,-7.946478406067463141e-01,-5.405349702133359635e+00
2.778397971628757901e+00,-3.664638571985255666e+00,-4.550879172341753431e+00
3.364126166313878841e+00,2.618100084433994112e-01,3.887746183200677663e+00
-2.858565732048274910e+00,-7.933424722141637631e-01,-4.445250676476602436e+00
2.791757985315028279e+00,-3.656101080015456084e+00,-4.520444174715883889e+00
4.365901107081224808e+00,1.633263293068054622e-01,4.692553765694835732e+00
3.145432096730674587e+00,-3.268795960840606085e+00,-3.392159824950537583e+00
1.150393255964184291e+00,3.349994485586213600e+00,7.850382227136611490e+00
-4.738590025005393613e-01,-4.293742991181574098e+00,-9.061344984863687557e+00
-3.720062010305204225e+00,2.014587489432538625e+00,3.091129685598730248e-01
4.682894741696086882e+00,-7.293298838211805801e-01,3.224234974053725722e+00
3.791700159637102274e+00,-1.755764926885042598e+00,2.801703058670170776e-01
1.178517714099191593e+00,-1.034384944334517442e+00,-8.902521745698432909e-01
8.617332394175836185e-02,2.326182166962233566e+00,4.738537657866225494e+00
4.908535922027377651e+00,3.826246768676416110e+00,1.256102945938020987e+01
-5.672150728039255796e-01,1.769632783395480580e+00,2.972050493987035580e+00
-1.388208831624713202e+00,-1.063741414963148557e-01,-1.600957114617342913e+00
2.321654943107287039e+00,1.014079435616408453e+00,4.349813814340103946e+00
-4.896198580943540435e+00,9.512002481462911163e-01,-2.993798084650958202e+00
4.711644541506053940e+00,-3.241579197837406667e+00,-1.771513854168759394e+00
4.232661001493545072e+00,-3.330979186010898374e-01,3.566465164291365397e+00
3.925862709511829252e-01,2.172091607703816152e+00,4.736769486358815229e+00
-3.621540351060108520e+00,2.144126654030088730e+00,6.667129570000689398e-01
-4.919810867601319693e+00,3.766363408166540694e+00,2.612915948731761695e+00
3.878586284369470505e+00,2.047892866850627769e+00,7.974372018070726043e+00
-3.334984372654499207e+00,4.853246046051136631e+00,6.371507719447773610e+00
-2.561642261334068138e+00,-1.566439088195529017e+00,-5.694520437725126172e+00
-4.662260820894390534e+00,-3.620892566256241896e+00,-1.190404595340687521e+01
4.603460057716544540e+00,4.755353061514050239e+00,1.411416618074464502e+01
9.807741568437045032e-01,-7.697202246716869922e-01,-5.586662924996694812e-01
3.031953777419380103e+00,7.903213330144289728e-01,4.612596443448238048e+00
9.625564662210379652e-01,3.779820852269855536e+00,8.522198170760749036e+00
3.641266344341916650e+00,-2.611849260791444749e+00,-1.582432177240972848e+00
-1.147500007382046050e+00,-4.548135531561622535e+00,-1.024377107050529112e+01
4.060634341700326999e+00,1.802029959940028014e+00,7.664694261580383028e+00
-4.889872185117142500e+00,1.460774088881155564e+00,-1.968324007354831373e+00
-1.872800218188689136e+00,6.996418206069163759e-01,-4.735165769748563847e-01
-1.945672945610277260e+00,4.374179713017662507e+00,6.802686480425047755e+00
1.029625935395292124e+00,1.496871454204844909e+00,4.023368843804981942e+00
-1.870220634628712020e+00,4.406813388973247925e+00,6.943406143317783830e+00
1.516959237527169435e+00,3.333646898143813431e+00,8.184253033814796296e+00
2.036820249614931022e+00,-3.925530929854778250e+00,-5.814241610094625479e+00
-3.030101849309501105e+00,-3.670249379113235122e-01,-3.764151725132148130e+00
2.571373711692592323e+00,3.800196555242280283e+00,1.017176682217715289e+01
8.558519040016641100e-01,-2.266018040925050769e+00,-3.676184177848437429e+00
-3.098487798315355590e+00,-1.552476436050863384e+00,-6.203440670417082359e+00
-4.916284212379790297e+00,-4.605428337289282581e+00,-1.412714088695835457e+01
-2.560730486796862770e+00,-1.994447246999493384e+00,-6.549624980795849538e+00
3.191175049872271074e+00,4.591321638974697805e+00,1.237381832782166668e+01
-2.583617029180373947e-02,3.361972922181795553e+00,6.698109674071787367e+00
-3.925981533468888784e+00,-4.035768601927765431e+00,-1.199751873732441965e+01
4.197606077339225195e+00,-3.788776470204444635e+00,-3.379946863069664076e+00
3.666841537868878120e+00,-3.743983342149677096e+00,-3.821125146430476072e+00
1.596482714681376258e+00,9.259056283780999763e-01,3.448293971437576211e+00
4.581623607854995228e+00,-1.323761225074092884e+00,1.934101157706809460e+00
-1.920749399060533769e+00,-3.362067005270767961e+00,-8.644883409602069690e+00
4.330314697275044367e+00,-4.857153025480651642e+00,-5.383991353686258918e+00
3.693306463546262464e+00,-2.056976166956513197e+00,-4.206458703667639298e-01
-2.391247760324991312e+00,-1.268402797912165703e+00,-4.928053356149322717e+00
3.963082032996382509e+00,4.258680658682942877e-01,4.814818164732971084e+00
2.652950178138197224e+00,-4.993705744166584637e+00,-7.334461310194972050e+00
1.837063304760947702e+00,3.317647807467784205e+00,8.472358919696516111e+00
5.966282579890265225e-01,-8.983903263778767467e-01,-1.200152394766726971e+00
3.064431164357300119e+00,2.934815023754663521e+00,8.934061211866627161e+00
-4.416702371691032525e+00,-4.177295339467123725e+00,-1.277129305062527997e+01
4.081330087664127859e-01,1.835302053636390873e+00,4.078737116039194532e+00
-4.712160883909504605e+00,6.238103557875405158e-01,-3.464540172334423573e+00
-3.589817391275492930e+00,-4.433829942589007089e-01,-4.476583379793294348e+00
2.084375213776462843e+00,2.808063436281683423e+00,7.700502086339829688e+00
-1.588053746185401849e+00,2.582947847455617563e+00,3.577841948725833277e+00
-2.005370097015972686e+00,-2.940483742134393452e+00,-7.886337581284760034e+00
2.134110828514358182e+00,-4.562151257803388482e+00,-6.990191687092418782e+00
-4.112294821686345969e+00,-2.696221160405125605e+00,-9.504737142496598068e+00
2.853290953039237188e+00,-3.541648827680203837e+00,-4.230006702321170486e+00
3.131436392723896844e+00,-1.092903703383172331e+00,9.456289859575521817e-01
-4.936311681158702669e+00,-4.153781881051349600e+00,-1.324387544326140187e+01
1.386038268498863246e+00,-3.400459520195866503e+00,-5.414880771892869760e+00
4.500028084520980798e+00,3.239660444081481572e+00,1.097934897268394394e+01
4.125522352050166930e+00,-2.167671452200943261e+00,-2.098205523517195914e-01
3.416048739482505425e+00,2.309984863885583550e+00,8.036018467253672526e+00
-3.102216424871246048e+00,-8.473464116657201117e-01,-4.796909248202686271e+00
4.402515973118926951e+00,-6.457493333064956431e-01,3.111017306505935665e+00
-3.396183291469215604e+00,3.226560678554584172e-01,-2.750871155758298769e+00
-4.546469743967653798e+00,1.555151701887780291e-01,-4.235439403590097740e+00
-4.951297971790900476e+00,-3.841783059539754852e+00,-1.263486409087041018e+01
4.830571647195574414e+00,1.023913713474650322e+00,6.878399074144875058e+00
2.146756632066111337e-01,2.685435208134445695e+00,5.585546079475502523e+00
-1.358258548578996638e-01,1.310412790039450215e-01,1.262567031499903791e-01
2.515629284639305574e+00,-1.791737294136063419e+00,-1.067845303632821263e+00
-4.883106591472472502e+00,-2.179067648927743850e+00,-9.241241889327959314e+00
5.404045846930625174e-01,-3.682905833419853003e+00,-6.825407082146643489e+00
3.222473521130808649e+00,3.167267545322753008e+00,9.557008611776314666e+00
-2.390161420626294664e+00,2.672892840874762754e+00,2.955624261123230845e+00
1.697926096744470925e+00,4.123446122914931067e-02,1.780395019202769546e+00
-2.328059395239101548e-02,-1.355816288304707573e+00,-2.734913170561806162e+00
2.360769951560098612e+00,9.194011372962220818e-01,4.199572226152542775e+00
-9.468257216585307390e-01,-2.352215090470538783e+00,-5.651255902599608305e+00
1.015482093761441718e-01,9.036483125211391965e-01,1.908844834418422565e+00
2.702770891295092071e-02,4.923510878507350697e+00,9.874049465927651426e+00
-9.138934856995462042e-01,-4.308623337265435005e+00,-9.531140160230416214e+00
-4.285654019423591699e+00,-2.365627846932815359e+00,-9.016909713289223305e+00
3.857423381646539084e+00,-5.677101698040596389e-01,2.722003042038419807e+00
-4.149209489065728285e+00,-4.127128069180905356e+00,-1.240346562742753989e+01
-1.399356537411069468e-01,1.248897536652865625e+00,2.357859419564624304e+00
-1.739912865656369156e+00,4.620139748742886354e+00,7.500366631829403552e+00
3.671540807784444027e+00,-2.348415360850427902e+00,-1.025289913916411777e+00
1.318635844825225334e+00,-3.302936899516160096e+00,-5.287237954207094859e+00
1.693627962096976525e+00,1.451969384075910696e+00,4.597566730248797917e+00
3.441899861364081659e+00,4.837620434054292318e+00,1.311714072947266629e+01
-3.888742686455606279e+00,-2.939852262707662867e+00,-9.768447211870931568e+00
5.544278606807493404e-01,2.865598163626757788e+00,6.285624187934264917e+00
4.905552010297594023e+00,-4.397645204462600432e+00,-3.889738398627606841e+00
-3.739938416392158960e+00,4.167803324553082334e+00,4.595668232714006152e+00
-4.426645524212579730e+00,-3.251712108591051642e+00,-1.093006974139468213e+01
2.591280924144911957e+00,4.296734266722769036e+00,1.118474945759044914e+01
-4.111714730515943828e+00,2.307336206491533481e+00,5.029576824671231350e-01
-5.721871838451528802e-01,4.150115304491484025e+00,7.728043425137815170e+00
-4.382184286269796836e+00,-4.923759710504275411e+00,-1.422970370727834677e+01
-3.682465788952779207e+00,-1.192441857374584302e-01,-3.920954160427696067e+00
-2.181481961975546557e+00,1.871837133733777137e+00,1.562192305492007716e+00
-1.557899514994678380e+00,4.385918478217529781e+00,7.213937441440380738e+00
-1.235161007125582522e+00,-4.885663666149280715e+00,-1.100648833942414484e+01
-1.357223070948481158e+00,-2.618693736329361421e+00,-6.594610543607204001e+00
-3.196506731261685719e+00,9.473682871896578206e-01,-1.301770156882370078e+00
-1.659589093490970946e+00,-6.431954134929007694e-01,-2.945979920476772485e+00
5.801283523399289876e-01,3.163434321712475850e+00,6.906996995764880687e+00
-4.296608148307800690e+00,-2.360321836541769969e+00,-9.017251821391340627e+00
1.719570011501440732e+00,-3.266594947730661058e+00,-4.813619883959881385e+00
-1.029097171818509349e+00,1.607169470850516646e+00,2.185241769882523943e+00
-1.591696026646425288e+00,-3.441714950489966895e+00,-8.475125927626358191e+00
1.462524459177107161e+00,-3.377785543532962009e+00,-5.293046627888816857e+00
4.598586656397692707e+00,-3.580847158113638073e-01,3.882417224774965092e+00
-1.665554735646486151e+00,4.762229235512602799e+00,7.858903735378719446e+00
3.424893297238929435e+00,6.642948695393453562e-01,4.753483036317620147e+00
4.073992679425863628e+00,-3.783589446362762843e+00,-3.493186213299662057e+00
2.596816741894759417e+00,-4.801433042168618215e+00,-7.006049342442477013e+00
3.020604341156767347e+00,2.062373484866447448e+00,7.145351310889662244e+00
-2.403536821946778979e+00,4.491628659743732044e+00,6.579720497540685109e+00
-4.463869428406869844e+00,-3.080807593919789866e+00,-1.062548461624644958e+01
2.549537971222211041e-01,3.060959991935892077e+00,6.376873780994005259e+00
-4.922796809037773613e+00,3.150483041401644257e+00,1.378169273765514902e+00
3.050074611746227404e+00,-1.276438295559990443e+00,4.971980206262465174e-01
2.005400512295732796e+00,1.134168960621316558e+00,4.273738433538365911e+00
-8.419669341950122288e-01,1.766436947229559351e+00,2.690906960264106473e+00
2.968380494221505295e+00,2.000516690841267931e+00,6.969413875904041156e+00
-3.991084525667570659e+00,2.557940611325207669e+00,1.124796696982844679e+00
-4.891482288072314333e+00,4.481976793841340623e+00,4.072471299610366913e+00
-1.709674991258454124e+00,-3.404969770950331487e+00,-8.519614533159117542e+00
-4.326593328981357622e+00,2.877209011976853859e+00,1.427824694972350095e+00
-1.772406443128295983e+00,-2.016393986362425839e+00,-5.805194415853147660e+00
8.699878961425175916e-01,1.548474837052026487e+00,3.966937570246570566e+00
4.177986268716265883e+00,9.363187184823118514e-02,4.365250012412728253e+00
4.816902095634116421e+00,2.786130613474505857e+00,1.038916332258312814e+01
1.982546439202028665e-01,1.677376414903998025e+00,3.553007473728198917e+00
-3.597049447493620988e+00,4.582576269945665359e+00,5.568103092397709730e+00
3.801544051250546730e+00,-2.648719701187414177e+00,-1.495895351124281625e+00
3.582156508583949517e+00,3.452261577574454066e+00,1.048667966373285765e+01
3.194947755910432008e+00,-4.787670306626740313e+00,-6.380392857343048618e+00
-4.453745869507028665e+00,6.060186563213463273e-01,-3.241708556864336011e+00
-4.749429981221595654e+00,2.789528320417345775e+00,8.296266596130958959e-01
-2.329620030584389490e+00,-2.236055022507057455e+00,-6.801730075598504399e+00
2.137884940974758230e+00,-4.180279581469537931e+00,-6.222674221964317631e+00
-4.242569164500267220e-01,8.347205921513225491e-01,1.245184267852618376e+00
-1.416275748697233272e+00,-2.662601971923503896e+00,-6.741479692544240621e+00
-1.951296136304403461e-01,-1.889479844999728542e+00,-3.974089303629897429e+00
-3.590331029522273454e-01,3.711814140916985139e+00,7.064595178881742932e+00
-2.964351207174431568e+00,-3.544666018626394521e+00,-1.005368324442722106e+01
3.230194103421817786e+00,-4.816874126131978961e+00,-6.403554148842140137e+00
2.700287009028166096e-01,7.438336460653305338e-01,1.757695993033477677e+00
4.239869521222619397e+00,-3.738798508561061773e+00,-3.237727495899504149e+00
-4.897079293134941835e+00,2.851054167598057631e+00,8.050290420611734277e-01
2.550034315335789614e+00,-7.197140142596083479e-01,1.110606286816572918e+00
-4.291282203376578508e+00,-5.690309496321610538e-01,-5.429344102640900616e+00
-2.646741777547596541e+00,-4.426970304547387158e+00,-1.150068238664237086e+01
1.467854800354055023e+00,1.284866578570319717e+00,4.037587957494694457e+00
4.297188445633944198e+00,2.190857537490095375e+00,8.678903520614134948e+00
-3.001579051160687683e+00,1.105278254435516416e+00,-7.910225422896548508e-01
-4.829761106653393199e+00,-3.880217847940130582e+00,-1.259019680253365436e+01
1.504114770836359583e+00,-3.577067639130525833e+00,-5.650020507424692084e+00
2.087737137868681536e+00,-4.181608540913322791e+00,-6.275479943957964046e+00
4.802685106443851382e+00,-1.612669625071365687e-01,4.480151181429578244e+00
1.431837789032095465e+00,2.882951216371473890e+00,7.197740221775043246e+00
4.090825206423978955e+00,3.319338659835782579e+00,1.072950252609554411e+01
6.721306623136360514e-01,1.450162245810854067e+00,3.572455153935344185e+00
1.314282513339202652e+00,-3.487650379149376256e+00,-5.661018244959549861e+00
-1.915611358308165535e+00,-3.330105789202923994e+00,-8.575822936714013522e+00
2.893643193863341345e+00,-3.569762987021505296e-01,2.179690596459040286e+00
4.746908844639987635e-01,-8.311081901480097400e-01,-1.187525495832020717e+00
4.239256180415493347e+00,1.739490208506049740e+00,7.718236597427592827e+00
3.284150735478288397e+00,-2.781057278075861561e+00,-2.277963820673434725e+00
5.101226609921098998e-01,4.482006065532612382e+00,9.474134792057334664e+00
7.113019113400103066e-01,3.188255579184810173e+00,7.087813069709630653e+00
3.905329408205700403e+00,1.307737292842578114e+00,6.520803993890856631e+00
-3.703495176204540940e+00,-2.432567238163531265e+00,-8.568629652531603469e+00
8.350985647892361641e-01,3.085795139717003366e+00,7.006688844223242896e+00
-8.576846341001509444e-02,-1.580097226676456579e+00,-3.245962916762928252e+00
1.677974622648337188e+00,3.926363063343627502e+00,9.530700749335592192e+00
2.946752181498412781e+00,3.415612902646170568e+00,9.777977986790753917e+00
2.924825445327265960e+00,4.117450411220648476e+00,1.115972626776856202e+01
-1.948146854344259271e+00,1.989381324497514925e+00,2.030615794650770578e+00
-2.920314885118144854e+00,-1.168387233181518159e+00,-5.257089351481180728e+00
-2.560214330698821428e+00,-8.663764088613712389e-01,-4.292967148421563905e+00
3.192485380599164202e+00,1.037952606321788984e+00,5.268390593242742170e+00
-4.825362408212560794e+00,3.053679496519224656e+00,1.281996584825888519e+00
-2.161721630487700718e+00,3.967397315939255265e+00,5.773073001390809367e+00
-4.494510789115810923e-01,-3.142154361465388845e+00,-6.733759801842358783e+00
-1.134718818751034863e+00,4.245137414903956241e+00,7.355556011056878063e+00
3.905794080522143830e+00,4.441564019951316666e+00,1.278892212042477716e+01
4.735754550485477665e+00,4.372813417157074056e+00,1.348138138479962578e+01
-4.123610016877879758e+00,-9.960938488353976439e-01,-6.115797714548675046e+00
2.179216030270563209e+00,4.671298006864660124e+00,1.152181204399988346e+01
3.758912109000355883e+00,-1.111988174283128572e+00,1.534935760434098739e+00
-2.827598507251014581e-01,-1.288887176313467720e+00,-2.860534203352036897e+00
1.089324908159134964e+00,-1.884443224575998777e+00,-2.679561540992862589e+00
1.751246747964570361e+00,-3.813632941912505903e+00,-5.876019135860441445e+00
-2.195924780506819385e+00,-2.098638227312700444e+00,-6.393201235132220717e+00
-4.012639028147994225e+00,-1.194301019010999276e+00,-6.401241066169992777e+00
4.739349198891398274e+00,3.501552148705176393e+00,1.174245349630175106e+01
-4.670953762128888798e+00,-3.296777944610520539e+00,-1.126450965134992899e+01
-4.761371726844529029e+00,-3.987278880068407805e+00,-1.273592948698134464e+01
4.208505760799312156e+00,2.128970131690363310e+00,8.466446024180038776e+00
3.667876220796124187e+00,-2.227965018346760306e+00,-7.880538158973964258e-01
3.212883231203337075e+00,3.966673422100670976e+00,1.114623007540467903e+01
2.839924957176648057e+00,8.487355177198532274e-01,4.537395992616354512e+00
5.382148410364306912e-01,-2.295418006806786426e+00,-4.052621172577142161e+00
-4.548347077187324672e+00,-2.603389742594397482e+00,-9.755126562376119637e+00
-8.193667600846037402e-01,-4.822261615156504533e+00,-1.046388999039761281e+01
1.413350628981028478e+00,-2.096609787657758517e+00,-2.779868946334488555e+00
-9.988596493539834142e-01,-2.490667350040405292e+00,-5.980194349434793999e+00
-2.966532314342221532e+00,4.120092683343658635e+00,5.273653052345095738e+00
1.668979769033089866e-01,4.122976389074382908e+00,8.412850755052074803e+00
1.283156261177712310e+00,2.433134324388982250e+00,6.149424909955676810e+00
2.571844856703471294e-01,8.669441851705084190e-01,1.991072856011363967e+00
4.750409939580954699e+00,-3.233267251605957959e+00,-1.716124563630961219e+00
-1.367170468752050283e+00,2.083414029437796522e+00,2.799657590123542761e+00
9.574977774587924984e-01,1.476317470330804404e+00,3.910132718120401307e+00
2.291087430131177882e-02,4.928198692064164277e+00,9.879308258429640333e+00
-2.671543207902615791e+00,1.331191150884860619e+00,-9.160906132894552911e-03
8.679955262168279617e-01,-4.345728807516382020e+00,-7.823462088815936077e+00
-2.565305376662236014e+00,-2.043788428088516795e+00,-6.652882232839269605e+00
-2.552489181386043970e+00,1.935604394041776644e+00,1.318719606697509317e+00
-1.453991079730787561e-01,-2.223356959175570857e+00,-4.592113026324220471e+00
-4.183315164565985178e+00,3.196520569322860439e-01,-3.544011050701413090e+00
2.940296367914445597e-01,-3.808918935624077129e+00,-7.323808234456709698e+00
1.955566061258954491e+00,-3.689011355003060100e+00,-5.422456648747165708e+00
-9.008226128156593404e-01,4.877126968457384137e+00,8.853431324099108934e+00
9.466322413190653151e-02,-2.808529506813862930e+00,-5.522395789495819329e+00
-1.587413090788523107e-01,-4.649691992516294725e+00,-9.458125294111441761e+00
-4.935025851064751556e+00,-1.691006928673904675e+00,-8.317039708412561794e+00
-6.584597110688941157e-01,-8.717497028324840969e-01,-2.401959116733862309e+00
9.608698515196758549e-01,4.154166940853194490e-01,1.791703239690314753e+00
2.195523224763745951e+00,-2.686895146439942650e+00,-3.178267068116139349e+00
-2.925812600250364603e+00,2.903299100098324814e+00,2.880785599946285025e+00
-5.975345594995049581e-01,-3.744791678753567332e+00,-8.087117917006640511e+00
-1.322481437765870016e+00,-3.141386489471182930e+00,-7.605254416708236320e+00
-1.480737922071906354e-02,-1.352420785324771835e+00,-2.719648949870262733e+00
-7.675987363322791524e-01,2.763044050029694887e-01,-2.149899263263401750e-01
-2.364063667471926422e+00,-3.298272327073583643e+00,-8.960608321619094596e+00
-9.113641855979714990e-02,1.806842125209090710e+00,3.522547831858384271e+00
-2.237835266015481217e+00,3.036224312450361396e+00,3.834613358885241574e+00
-1.353121303385111940e+00,-3.335063671995592838e+00,-8.023248647376297171e+00
6.786028153164664900e-01,-2.721324855471332071e-01,1.343378442222000757e-01
-1.580178548761923540e+00,1.311656519645854502e+00,1.043134490529785463e+00
5.572564534311652551e-02,8.352471886051393568e-01,1.726220022553395239e+00
-4.440775913716351830e+00,-3.285044506290508703e+00,-1.101086492629736924e+01
4.970915016128675035e+00,2.576422044473771322e+00,1.012375910507621768e+01
3.272994327930296876e+00,3.130170754644757025e+00,9.533335837219810927e+00
4.567671849278154284e+00,2.774655921329937769e+00,1.011698369193802982e+01
7.855599146969991509e-01,2.743761174024328398e+00,6.273082262745655946e+00
2.864434404198145323e+00,1.646140778158783569e+00,6.156715960515712460e+00
4.729862600516602456e+00,4.101891889485882459e+00,1.293364637948836737e+01
7.151201268943738754e-01,3.778916707199766023e+00,8.272953541293905033e+00
3.454737045189741451e+00,3.661183758279499045e+00,1.077710456174873954e+01
-3.966825154260070541e+00,1.063754707861884974e+00,-1.839315738536300593e+00
3.058278732218120410e+00,-2.411820312110614317e+00,-1.765361892003108224e+00
-6.266024470886719655e-01,1.100086547562689532e+00,1.573570648036707098e+00
-3.754391099398510789e+00,9.143190106533314321e-01,-1.925753078091847925e+00
-7.983629484952148303e-01,-7.833493044902493097e-01,-2.365061557475713450e+00
-3.995183577618490744e+00,3.255957978450771506e+00,2.516732379283052268e+00
-2.851805274908003618e+00,2.199853302887573747e+00,1.547901330867143876e+00
3.454589200713840569e+00,-4.167059426736061667e+00,-4.879529652758282765e+00
2.570377694740164642e-01,-2.481576580343905825e+00,-4.706115391213795185e+00
4.288705621446906591e+00,2.311105822814547572e+00,8.910917267076001735e+00
6.220095157437102174e-01,-1.900199898777791496e+00,-3.178390281811872775e+00
-1.248923918270773648e+00,2.158523176366521135e+00,3.068122434462268622e+00
1.575980872450342574e+00,4.145130261241918745e+00,9.866241394934180065e+00
3.825143803575230095e+00,3.506082932840165256e+00,1.083730966925556061e+01
2.456230268807027883e+00,6.193976710775679351e-01,3.695025610962163753e+00
4.693806809586323681e+00,-3.003468462367445468e+00,-1.313130115148567256e+00
-4.930288085088490035e+00,2.278573328548362475e+00,-3.731414279917650845e-01
1.168011722922601692e+00,4.858568070163183705e+00,1.088514786324896910e+01
3.228004575266329113e+00,1.068261206126863705e+00,5.364526987520056522e+00
6.512696258390571202e-01,4.719142772531853325e+00,1.008955517090276288e+01
-2.717137283200439235e+00,1.570407000599135294e+00,4.236767179978313536e-01
6.505027015379312161e-01,4.024214209813029797e+00,8.698931121163990809e+00
-4.270667588054149810e+00,-3.295972545636613127e+00,-1.086261267932737695e+01
5.390828530851763389e-01,1.691922583132301483e+00,3.922928019349779305e+00
9.353704107843086035e-03,4.295041974261405215e+00,8.599437652630653517e+00
-2.973892573325278565e+00,3.746425672553407082e+00,4.518958771781536043e+00
1.756687286086062727e-01,2.237395642932408002e+00,4.650460014473422277e+00
-4.357592358989145431e+00,4.890343715355120580e+00,5.423095071721095728e+00
2.870593077613238009e+00,-2.195251587654014624e+00,-1.519910097694791240e+00
3.865819112504597754e+00,-4.789186716963000912e+00,-5.712554321421404069e+00
-2.063127039571077681e+00,-3.130415595574083110e+00,-8.323958230719243900e+00
2.923095824552187416e+00,-1.573058032134575512e+00,-2.230202397169636086e-01
4.878282639320264735e+00,2.456742473923982928e+00,9.791767587168230591e+00
-4.047473429055845173e+00,-3.240106102426935308e+00,-1.052768563390971579e+01
-3.450575439192821392e+00,1.365225565716915668e+00,-7.201243077589900565e-01
-3.977555845970841553e+00,3.866419155841693822e+00,3.755282465712546092e+00
-2.471161039780089830e+00,-8.599615413204810821e-01,-4.191084122421051994e+00
-3.068520441071360683e+00,-3.914157196650434045e-01,-3.851351880401447492e+00
-4.130271538159996147e+00,-1.502995196781513609e+00,-7.136261931723023366e+00
3.664832667995476356e+00,2.360064985670057069e+00,8.384962639335590495e+00
-7.338585294624468958e-01,4.476785845852916168e+00,8.219713162243385440e+00
-3.342055463860402753e-01,1.883881825279373423e+00,3.433558104172706571e+00
-1.921587795058723458e-01,4.904328367077599893e+00,9.616497954649327440e+00
1.386524147481845048e+00,1.268519476130256507e-01,1.640228042707896350e+00
-4.353046502925062455e+00,-2.426316761320856941e+00,-9.205680025566776337e+00
-2.654440659115342438e+00,2.477571589291189369e+00,2.300702519467036300e+00
3.638597934242993048e-01,-4.781639064529636052e+00,-9.199418335634973687e+00
3.037416107321902814e+00,-1.188409574168222349e+00,6.605969589854581159e-01
2.389158309074305819e+00,-1.075567994362871538e+00,2.380223203485627437e-01
-2.371367077286906877e+00,1.089028277885750740e+00,-1.933105215154053980e-01
4.712175322755500773e+00,4.316964775815842259e+00,1.334610487438718529e+01
5.845558769432734891e-01,3.973043190437643091e+00,8.530642257818559671e+00
-2.380386035946722156e+00,3.499626008910997399e+00,4.618865981875272197e+00
4.342296166794291423e+00,-3.741233337003364579e+00,-3.140170507212437734e+00
3.100470023388805174e+00,-4.565380509959250155e+00,-6.030290996529695136e+00
3.843187821241231816e+00,-1.792555089655817113e+00,2.580776419295975899e-01
6.851420467177584683e-01,-2.623510975322957961e+00,-4.561879903928157454e+00
2.251132986482061504e+00,4.153191738862897608e+00,1.055751646420785761e+01
-2.852433757945598281e+00,-2.789028692187526026e+00,-8.430491142320651221e+00
4.921164729926843506e-01,-1.162129224505354053e+00,-1.832141976018023755e+00
-1.782261847125039544e+00,-3.453807253593428328e+00,-8.689876354311895312e+00
-3.410331061131042230e+00,-1.598075247216890205e-02,-3.442292566075380034e+00
-2.848469844691408071e+00,-1.993928944442852291e+00,-6.836327733577112653e+00
-4.731165155958935387e+00,1.614768298250487177e+00,-1.501628559457961032e+00
-3.668640043003714712e+00,2.660682376862682830e+00,1.652724710721650947e+00
-2.375401490902837587e+00,3.001260911927060349e+00,3.627120332951283110e+00
4.193623929815078810e+00,-4.109722572070061197e+00,-4.025821214325043584e+00
-2.424857015589518827e+00,2.341236996618036414e+00,2.257616977646554002e+00
1.828061185410327028e+00,6.968819650483801809e-01,3.221825115507087389e+00
-3.349872417036359185e+00,-1.506690849022750633e+00,-6.363254115081860007e+00
-3.789574246022463733e+00,-4.262498376733959482e+00,-1.231457099949038181e+01
6.346089035145290325e-01,2.695726858101306966e+00,6.026062619717142965e+00
4.866656648296219245e-01,4.028200952848475680e+00,8.543067570526574173e+00
-4.447779222505495511e+00,-4.847324907083585543e-01,-5.417244203922212620e+00
2.950652335543894722e+00,-4.038745488829476926e+00,-5.126838642115059130e+00
-2.835435575682525577e+00,-1.970180306071540599e+00,-6.775796187825607220e+00
6.951275572959971782e-01,-1.262076130515665806e+00,-1.829024703735334434e+00
-2.170044970219722202e-01,2.255875531755061836e+00,4.294746566488151451e+00
2.883782237415159599e+00,-1.890322417360235097e+00,-8.968625973053105938e-01
2.683454648639256312e+00,4.566339248850017185e+00,1.181613314633928979e+01
-3.327949376198343856e+00,-2.362639421771620896e+00,-8.053228219741585647e+00
5.744286429428786533e-01,-4.968954587492526720e+00,-9.363480532042174787e+00
4.081514565879963641e+00,4.280475777898175238e+00,1.264246612167631412e+01
-1.505423303905285337e+00,-1.399577298643380985e+00,-4.304577901192047307e+00
-3.349916494414499901e+00,-4.286475111135939819e+00,-1.192286671668637865e+01
-2.457372534329800295e+00,-4.427873064234688627e+00,-1.131311866279917666e+01
-2.240410127910833715e+00,-4.239399707981146292e-01,-3.088290069507062974e+00
2.327714031727800226e+00,3.010914191610137181e+00,8.349542414948075475e+00
-3.156090549321246552e+00,-3.707056256729227783e+00,-1.057020306277970256e+01
2.150722754468281650e-01,-4.283227700143465100e+00,-8.351383124840101146e+00
4.682677543725390024e+00,-1.937173881909830531e+00,8.083297799057289623e-01
-1.713145756100464823e-01,4.696124420694447466e-01,7.679103085288430108e-01
-3.842414184230257490e+00,-4.970611161615233087e+00,-1.378363650746072366e+01
1.129179623676385802e+00,4.243221665725007696e-01,1.977823956821387341e+00
2.731535202271833107e+00,-5.433290549275771042e-02,2.622869391286317686e+00
-4.315856021585824820e+00,-2.968178114084036867e+00,-1.025221224975389944e+01
1.186471805712866256e+00,2.914736339054662118e+00,7.015944483822190492e+00
-4.937274872102904055e+00,1.535273530961136501e+00,-1.866727810180631053e+00
1.379009985769187097e+00,-4.947752467193081927e+00,-8.516494948616976757e+00
4.615979370779738744e+00,-8.291579449924855183e-01,2.957663480794767707e+00
-1.670974138314047508e+00,1.092242906468223751e+00,5.135116746223999940e-01
-3.608445531772965786e+00,-3.235757714751976710e+00,-1.007996096127691921e+01
-1.438591991930320280e+00,-1.318969991414142839e-02,-1.464971391758603136e+00
-5.861439593728059450e-01,4.606468789102983408e+00,8.626793618833161759e+00
-1.657641660802873229e+00,-4.449041875661325030e+00,-1.055572541212552373e+01
-3.795031914628113068e+00,-2.414011151696956681e+00,-8.623054218022026873e+00
3.779356768207854600e+00,1.535452015931375591e+00,6.850260800070605782e+00
-2.424004613931335150e+00,1.398615953974343462e+00,3.732272940173517739e-01
-2.536870108833511051e+00,3.615415436447261044e+00,4.693960764061010593e+00
-1.931357376873351406e+00,6.380734891917505536e-01,-6.552103984898502986e-01
3.720289529118327110e+00,4.081655775778001427e+00,1.188360108067432996e+01
-1.458059184155312771e+00,-3.245718757410154254e-01,-2.107202935637343622e+00
-1.487161424897756046e+00,3.998133991614130522e+00,6.509106558330504555e+00
-2.360547996871610543e+00,-3.673542170402885887e+00,-9.707632337677381429e+00
3.212228289877350207e-01,-3.877454799906541183e-01,-4.542681309935732159e-01
2.250242394521908551e+00,1.471741410925893057e+00,5.193725216373694664e+00
-2.035901700486367538e+00,4.800093317974543083e-01,-1.075883036891458922e+00
6.216310801117419516e-01,-4.986577973363695904e+00,-9.351524866615649856e+00
1.700137823924664282e+00,-2.644284433911700205e+00,-3.588431043898736128e+00
-1.374047653249227174e+00,-5.161775695857651058e-01,-2.406402792420757386e+00
1.808744514754572208e+00,3.279190106284207928e+00,8.367124727322988065e+00
1.407641023920589873e+00,-2.596717116937573344e+00,-3.785793209954556815e+00
-5.973926729100398347e-02,2.456538407861765805e-01,4.315684142813491775e-01
-6.776413213360088506e-01,3.997344309609021096e-01,1.218275405857953686e-01
1.882743311136194642e+00,2.057765723491511878e+00,5.998274758119218397e+00
2.610431378026446758e+00,-1.439297375033135040e+00,-2.681633720398233223e-01
1.984967847570530353e+00,4.290882078976348879e+00,1.056673200552322811e+01
1.618286357485118288e+00,4.562755701573006917e+00,1.074379776063113212e+01
-4.473560100765146430e+00,8.852379168766102424e-01,-2.703084267011925945e+00
-2.508583058462356963e+00,-3.448985575352901733e+00,-9.406554209168159986e+00
1.737330445228726816e+00,2.756864549892245719e+00,7.251059545013218255e+00
4.199390118397301919e+00,-4.654626150832745779e+00,-5.109862183268189639e+00
4.229424255275457512e+00,-1.406947805762737147e-01,3.948034694122910082e+00
-2.898411028704039882e+00,-1.215088727546711489e+00,-5.328588483797462416e+00
1.932429962356453146e+00,-3.186866824376197727e+00,-4.441303686395942307e+00
-4.543911124054921480e+00,-3.885114994989082859e-01,-5.320934123052738052e+00
2.900944968129328672e-01,-2.456120809016716144e+00,-4.622147121220499422e+00
-3.204187127758717502e+00,4.966520227479938043e+00,6.728853327201158585e+00
-2.910601790685194423e+00,3.407083773453944531e+00,3.903565756222694638e+00
-1.360782203817725300e+00,-4.867247662649894835e+00,-1.109527752911751541e+01
-8.889735203135433750e-01,-2.324497155435455653e+00,-5.537967831184454681e+00
1.872984988525873362e+00,-3.730042442912246958e+00,-5.587099897298620554e+00
-4.033326990576514781e+00,3.125223079290147865e+00,2.217119168003780949e+00
1.924230109190238736e+00,-4.443063418377524165e+00,-6.961896727564809595e+00
-2.226448527806859090e-01,2.822759824562903752e+00,5.422874796345121595e+00
2.771727872650624036e+00,1.059481562058640414e+00,4.890690996767904863e+00
-2.506939572631823321e+00,-1.398060242795147179e+00,-5.303060058222117235e+00
3.998896750194496974e+00,2.452429685413076932e+00,8.903756121020650838e+00
1.458597558442127351e+00,2.523826171101838156e+00,6.506249900645803663e+00
5.354958985937097182e-01,4.461857169509084287e+00,9.459210237611877403e+00
-1.931416504666236822e+00,-3.802414511177973910e+00,-9.536245527022185087e+00
-6.199424921102538732e-01,-2.081695296579575416e+00,-4.783333085269404705e+00
2.245107849781215137e+00,-3.650033362794463443e+00,-5.054958875807711749e+00
2.220114872053782662e+00,2.576880368596794924e+00,7.373875609247372509e+00
4.658784962602197766e+00,2.611149357204380905e+00,9.881083677010959576e+00
-4.565709704692907600e+00,-2.324047791220599457e+00,-9.213805287134107402e+00
-3.237108920514515376e+00,-1.093462658853896485e+00,-5.424034238222308346e+00
-2.520541695726455700e+00,-3.835331101576819002e+00,-1.019120389888009370e+01
-1.875772089975801471e+00,2.707585161187945566e+00,3.539398232400089661e+00
-4.660715529662082801e+00,1.589180714911876180e+00,-1.482354099838330441e+00
3.156435881646087793e+00,1.590579960697819040e+00,6.337595803041725873e+00
-3.030880373953440454e+00,-5.488162106591074618e-01,-4.128512795271655378e+00
1.603023631990819098e+00,-3.316331030826418225e+00,-5.029638429662017352e+00
3.446404640122320728e+00,-3.410484622550860934e+00,-3.374564604979401139e+00
4.040838243390258100e+00,-4.681696118058786382e+00,-5.322553992727314665e+00
1.299020559956062471e+00,-2.733861887910472355e+00,-4.168703215864882239e+00
-4.414480856645845108e+00,-1.136728312956200249e+00,-6.687937482558245605e+00
2.701011535237133998e+00,-4.731431346183798681e-01,1.754725266000374262e+00
3.134323243085049171e+00,-1.888071585344597292e+00,-6.418199276041454127e-01
-2.056781136557069622e+00,-2.330034116052060789e+00,-6.716849368661191200e+00
-4.053895580641460938e+00,-2.020123705735073827e+00,-8.094142992111608592e+00
3.024017314916116916e+00,-8.931217180091728380e-01,1.237773878897771240e+00
8.585623458215891901e-01,-3.893998894366848873e+00,-6.929435442912108556e+00
4.799251506253369826e+00,1.325747380847321466e+00,7.450746267948012758e+00
-2.445127737896877207e+00,-2.046156996019573349e+00,-6.537441729936023904e+00
2.570989592578301952e+00,1.521842730070669170e+00,5.614675052719640291e+00
4.108332259623823646e+00,-8.796607007954406754e-01,2.349010858032942295e+00
-1.927219263866049914e+00,-2.810531112000367315e+00,-7.548281487866784545e+00
2.146558617291605131e+00,-3.077017686759297987e-01,1.531155079939745534e+00
-2.619280037952807838e+00,4.560181397985122231e+00,6.501082758017436625e+00
-3.121307687054720503e+00,-3.609323144564733354e+00,-1.033995397618418721e+01
-1.785597306668226025e+00,-1.936882843378486818e+00,-5.659362993425199662e+00
-3.694791089476089141e+00,2.752246943898915887e+00,1.809702798321742634e+00
-6.285616497141592873e-01,-4.727312488689293879e+00,-1.008318662709274705e+01
1.476398627951949649e+00,2.440651205221969988e+00,6.357701038395889626e+00
-1.690136787618429004e+00,3.355150336171004000e+00,5.020163884723578995e+00
-2.146222824869099544e+00,-4.109171265406369677e+00,-1.036456535568183845e+01
1.819078602777453035e+00,3.729274017302357080e+00,9.277626637382166308e+00
2.040008547265293792e+00,2.729162396605204322e+00,7.498333340475702435e+00
1.108841076745362031e+00,3.708847582699972278e+00,8.526536242145306588e+00
2.072395377635024794e+00,-1.271848717841217447e+00,-4.713020580474100996e-01
1.451763139655376733e+00,2.226243646955715860e+00,5.904250433566808454e+00
3.952115071982778005e-01,-5.810774898292994095e-01,-7.669434724603210185e-01
-2.240064829128396440e+00,1.105883230565751774e-01,-2.018888183015246085e+00
2.748576842365268114e+00,4.159816353129222932e+00,1.106820954862371309e+01
-3.303792247567663765e+00,4.088832468865895464e+00,4.873872690164127164e+00
3.736441689895563911e+00,3.844195062803409613e+00,1.142483181550238314e+01
4.032767223578021643e+00,-1.042351459972650218e-01,3.824296931583491599e+00
4.609678747399858167e+00,-4.514958448694974535e-01,3.706687057660863260e+00
-2.665614746116125033e+00,-3.968269723861880038e+00,-1.060215419383988511e+01
-2.545262339993783485e-01,-2.897286382138762661e+00,-6.049098998276903671e+00
-1.569839061731216567e+00,-1.541930548161054570e+00,-4.653700158053325708e+00
-4.232938647293302381e+00,4.112057524894066063e-01,-3.410527142314489168e+00
-1.320042526648065540e+00,1.890366056562559294e+00,2.460689586477053048e+00
4.246945852377066899e+00,3.138696047339575301e+00,1.052433794705621750e+01
7.554567417660056350e-01,-8.086374156594446916e-01,-8.618180895528837482e-01
-3.926852784292738097e+00,-2.583093550129079929e+00,-9.093039884550897511e+00
2.884425105170087988e+00,4.277643021224257325e+00,1.143971114761860264e+01
2.236850816357427441e+00,-4.161973808632279059e+00,-6.087096800907130678e+00
-2.450881097758201843e+00,-3.633135069231958614e+00,-9.717151236222118627e+00
-1.116917052298651569e-01,-1.699081928286339860e+00,-3.509855561802544877e+00
2.871951457158101739e+00,8.621240795408180446e-02,3.044376273066265348e+00
-6.797632118798713208e-02,-3.539517181027862502e+00,-7.147010683243712137e+00
4.580246295291829028e+00,-1.631801228382554481e+00,1.316643838526720067e+00
2.653948978387919766e+00,2.375625020192822845e+00,7.405199018773565456e+00
-1.969137643127261139e+00,-2.547563016288742155e+00,-7.064263675704745893e+00
-4.764743357406961977e+00,6.625770442190850318e-01,-3.439589268968791913e+00
3.627532085235516846e+00,-1.659466826534511164e+00,3.085984321664945185e-01
-4.932332717262695176e+00,3.795065202290297535e+00,2.657797687317899893e+00
2.346859904975726607e+00,3.028054288002984151e+00,8.402968480981694910e+00
4.375309109656877027e+00,4.330694131671648961e+00,1.303669737300017495e+01
-3.657373036130743493e+00,-7.963950430250221757e-02,-3.816652044735747928e+00
3.242533397061880152e+00,-2.782535351920856215e-02,3.186882690023463027e+00
3.106788276961159667e+00,4.537834242519014794e+00,1.218245676199918925e+01
-2.914920374431809513e+00,-2.855390965892988575e+00,-8.625702306217785775e+00
3.045958797691987741e+00,-3.336983971092599699e+00,-3.628009144493211657e+00
3.479357432866889255e+00,4.883399620821760934e+00,1.324615667451041112e+01
2.318726563782849581e+00,-1.527539138998138313e+00,-7.363517142134270443e-01
-1.845905023887350893e+00,3.008099551114273851e-01,-1.244285113664496123e+00
4.274284184890223770e+00,5.874917701167632345e-01,5.449267725123750239e+00
-2.790208147816275464e+00,-3.890373909676569042e+00,-1.057095596716941444e+01
-4.115008012394783421e+00,3.761370452394688257e+00,3.407732892394593094e+00
2.538680573821734399e+00,3.930077974079432934e+00,1.039883652198060027e+01
7.738535654906888439e-01,1.995114770771232671e+00,4.764083107033154185e+00
4.439836655487408024e+00,2.014402819368239506e-01,4.842717219361055925e+00
4.816381685795786183e+00,2.586118467475360561e+00,9.988618620746507304e+00
-3.006727813621229650e+00,1.425039210838362713e+00,-1.566493919445042238e-01
4.190972958777878787e+00,-4.417141628289076749e+00,-4.643310297800274711e+00
1.419791149156042209e+00,1.781445488406343536e+00,4.982682125968729281e+00
8.273317641078969942e-01,3.386682972788506163e-01,1.504668358665598227e+00
-1.942570645695896658e+00,1.496626287572537350e+00,1.050681929449178043e+00
-1.133100458693664159e+00,-4.647001210350612865e+00,-1.042710287939489078e+01
-4.891182695567612981e+00,1.386695189165013886e+00,-2.117792317237585209e+00
1.454051176056506023e+00,-2.438941609900084018e+00,-3.423832043743662013e+00
1.907714237988058059e+00,-4.181054300862641071e-02,1.824093151970805238e+00
-1.623560057757016395e+00,4.757811913838732920e+00,7.892063769920449445e+00
3.377484625871499446e+00,-3.838030059014252426e+00,-4.298575492157005407e+00
2.943902579889855708e+00,-1.963636996519740663e+00,-9.833714131496256172e-01
-4.420770275642168734e+00,-1.486317262629310854e+00,-7.393404800900790441e+00
-2.169789030103915550e+00,3.388989950517535377e+00,4.608190870931155203e+00
1.463221821105630482e+00,1.814317639742032640e+00,5.091857100589695762e+00
3.666861772725352964e+00,8.092332448301391423e-01,5.285328262385631248e+00
-1.488899208806047980e+00,-6.046265725452268924e-01,-2.698152353896501765e+00
-2.431560045028724470e+00,2.721016454563127240e+00,3.010472864097530010e+00
4.161168612645893106e+00,-7.970535160641034622e-02,4.001757909433072413e+00
-3.704605049025735397e+00,-2.097126755831967060e+00,-7.898858560689669517e+00
6.825860596414834447e-01,-8.749150872801809697e-01,-1.067244114918878495e+00
8.895868725530062804e-01,-3.632503262835728997e+00,-6.375419653118451713e+00
-4.045881996139735648e+00,-9.054953292696410472e-02,-4.226981061993663857e+00
-4.117129710910427676e+00,-8.048135852751467922e-01,-5.726756881460721260e+00
-3.005355223296791500e+00,1.145104112254228035e+00,-7.151469987883354307e-01
2.868632259688380870e+00,2.638445681140877852e+00,8.145523621970136574e+00
-4.940062547263637249e+00,1.321227049840540957e+00,-2.297608447582555335e+00
-4.491848234767771508e+00,-2.260522114470493449e+00,-9.012892463708759294e+00
-3.528032711991265558e+00,-2.980081417573485769e+00,-9.488195547138236208e+00
-3.217117070544722957e+00,6.943725226779751125e-01,-1.828372025188772731e+00
-3.503366600984091583e+00,-4.908589823868128477e+00,-1.332054624872034765e+01
2.179957097989891679e+00,1.602164409253923338e+00,5.384285916497738356e+00
2.954162929681448446e+00,1.969201654769735299e+00,6.892566239220919044e+00
4.871230374464122548e+00,-2.325038072613566875e+00,2.211542292369887974e-01
3.579746848406337278e+00,-9.295317190134273488e-01,1.720683410379482581e+00
-3.077216076882944851e+00,3.032797301828280112e+00,2.988378526773615373e+00
3.520961021818932224e+00,-6.601115515346887008e-01,2.200737918749554822e+00
-4.937615209797248994e+00,1.385616080287648266e+00,-2.166383049221952461e+00
-3.584178409688575151e+00,-3.083162663297993600e+00,-9.750503736284562351e+00
2.994962914541154042e+00,3.711705572345850968e+00,1.041837405923285687e+01
-4.053484691716944255e+00,1.595290092077385147e+00,-8.629045075621739613e-01
2.022213086257736769e+00,-2.514185357892886330e+00,-3.006157629528035891e+00
-1.322739269598244505e+00,-3.046725745796772244e+00,-7.416190761191788994e+00
-2.788193289923921458e+00,-2.610116599594917375e+00,-8.008426489113755764e+00
-3.214832604900106361e-01,-6.788150004716042574e-01,-1.679113261433219151e+00
2.548214288192091281e+00,-2.548797076216416713e+00,-2.549379864240742144e+00
8.886710761020379934e-01,-2.471616263274278857e+00,-4.054561450446519721e+00
-3.234674364572776017e+00,-3.297914588013476589e+00,-9.830503540599728751e+00
1.219819800343185712e+00,-3.958277128724176919e-01,4.281643745983503280e-01
1.110744761085644683e-01,3.379899390801014647e+00,6.870873257710593762e+00
2.239508321708969518e-01,1.729885853452999278e+00,3.683722539076895508e+00
1.893576792940519837e+00,1.259759145116149170e+00,4.413095083172818178e+00
-2.705478728451711223e+00,1.995963272759981422e+00,1.286447817068251620e+00
-9.579080028504058930e-01,-2.773372035105594602e+00,-6.504652073061595097e+00
9.065431732988766811e-01,4.109519057610322434e-01,1.728446984820941168e+00
1.990540699572252770e+00,1.313106820408926900e+00,4.616754340390106570e+00
1.052220776886435338e+00,-5.614511585887251854e-01,-7.068154029101503255e-02
6.654214492621814969e-01,4.236411645122366565e+00,9.138244739506914627e+00
-1.919976785217336612e-02,-2.306422763932793885e+00,-4.632045295717761135e+00
-3.696965365738562603e+00,1.251948194652989343e+00,-1.193068976432583916e+00
4.257704987717968237e+00,1.343188943903461663e-01,4.526342776498660569e+00
-2.171958751234065232e+00,3.447144017608321676e+00,4.722329283982578119e+00
1.504710981715425611e+00,8.607810769608112977e-01,3.226273135637048206e+00
4.872672132728714800e-01,-2.394724447686934710e+00,-4.302181682100997939e+00
1.109943017134780163e+00,1.283727398090158900e+00,3.677397813315097963e+00
-1.722538576773163577e+00,2.801214464061040132e+00,3.879890351348916688e+00
-2.242064725045582740e+00,-8.220066343169989409e-01,-3.886077993679580622e+00
2.818466452183937321e+00,2.790316521940885863e+00,8.399099496065709047e+00
7.745110814098197238e-01,4.614011317410982471e+00,1.000253371623178467e+01
-4.145268931199117546e+00,2.350321059304568472e+00,5.553731874100193977e-01
3.502817828872478501e+00,3.010014336916755795e+00,9.522846502705990090e+00
3.431933004949712540e+00,4.844268845474388741e+00,1.312047069589849002e+01
-3.471185996546348740e+00,3.249030151792549503e+00,3.026874307038750267e+00
4.972091590321426224e+00,-1.234067184701320485e+00,2.503957220918785254e+00
8.477512138173670664e-01,-4.554547087278590922e+00,-8.261342960739813890e+00
1.814905702321958358e+00,-4.134472197391262149e+00,-6.454038692460565940e+00
3.113292619855988264e+00,-3.257639353859755005e+00,-3.401986087863521746e+00
1.984156784169913479e+00,2.509115607279790439e-01,2.485979905625871567e+00
1.740422483923278918e+00,-3.194329398206207316e+00,-4.648236312489135713e+00
-4.848831868820719038e+00,4.681575689225278225e+00,4.514319509629837412e+00
2.726184254334579116e+00,-3.750286626918808430e+00,-4.774388999503037745e+00
-1.229392785963097090e+00,1.458350175101763568e-03,-1.226476085612893563e+00
-4.350341790502519679e+00,1.413962598542521931e+00,-1.522416593417475816e+00
2.890670441431089976e+00,-1.037020632705505374e+00,8.166291760200792282e-01
-4.815864512521782714e+00,2.081223901232115203e+00,-6.534167100575523079e-01
3.412144099926591068e+00,-1.662529760890817165e+00,8.708457814495673688e-02
-1.514247290540541080e+00,-5.276448116553611456e-01,-2.569536913851263371e+00
-2.836934941868229920e+00,4.200982103205809892e+00,5.565029264543389864e+00
-1.416265683685298260e+00,1.238297058114069316e+00,1.060328432542840371e+00
2.724014962726190703e+00,4.170195108845902610e+00,1.106440518041799592e+01
1.231630183883876128e-01,2.690837312415986560e+00,5.504837643220360732e+00
4.090303766903534921e+00,-2.224517504990664918e+00,-3.587312430777949146e-01
4.812065917875566257e+00,-3.237083522607592023e+00,-1.662101127339617790e+00
-2.230722319873335024e-01,1.171914592478982442e+00,2.120756952970631382e+00
3.539078891366212787e+00,2.248862171343669836e+00,8.036803234053552458e+00
4.210993668397389200e+00,2.835464152589279863e+00,9.881921973575948925e+00
4.011728373371964196e+00,-3.628125605908808282e+00,-3.244522838445652368e+00
2.184985192834682621e+00,2.071154476616463569e+00,6.327294146067609759e+00
4.875770652840765607e+00,-2.543215231378655794e+00,-2.106598099165459814e-01
2.258621877623615326e+00,-1.848765709308940686e+00,-1.438909540994266045e+00
4.990337849453329255e+00,9.355364983803760026e-01,6.861410846214081261e+00
-2.049327882394221589e+00,-2.750830427242361154e+00,-7.550988736878943897e+00
1.824845171534333232e+00,3.930116486469767523e+00,9.685078144473868278e+00
3.967137009036484585e+00,1.239991643660548704e+00,6.447120296357581992e+00
2.596390919596379909e+00,5.255427138185240210e-01,3.647476347233427951e+00
-3.665320831417753222e+00,1.066950858464281282e+00,-1.531419114489190658e+00
-6.384597833717187143e-02,4.306746096769124676e+00,8.549646215201077482e+00
-3.484884551508506956e+00,-3.874356677129633386e+00,-1.123359790576777328e+01
-3.429166796180609378e+00,-4.338874235062961660e-01,-4.296941643193202154e+00
8.198955748577319014e-01,4.626315979779446863e+00,1.007252753441662563e+01
2.780994295533006699e+00,1.588779038825578027e+00,5.958552373184162754e+00
-1.091238911774157216e+00,2.373895447813372250e+00,3.656551983852587284e+00
-4.514430934110934324e+00,-1.006836163071576085e+00,-6.528103260254086493e+00
-1.848961639772723764e+00,3.396342763462701697e+00,4.943723887152679630e+00
4.767755830017287977e+00,1.569391138606535563e+00,7.906538107230359103e+00
-3.392726577336353522e+00,-2.977812489157836140e-01,-3.988289075167920750e+00
-2.375063454375840877e+00,-1.065059320058032721e+00,-4.505182094491906319e+00
4.406696015881749418e+00,1.394048888521560947e+00,7.194793792924871312e+00
1.380968127482234742e+00,-1.527513397557903829e+00,-1.674058667633572917e+00
1.080807066464954502e+00,1.344867592201847373e+00,3.770542250868649248e+00
-4.797068091019427882e+00,-4.010983562103076494e+00,-1.281903521522558087e+01
4.878730359661052063e-01,4.377797380394925497e+00,9.243467796755956201e+00
-4.743950148990268900e+00,1.313699129276950650e+00,-2.116551890436367600e+00
2.498188503217198431e+00,-8.664545514775561230e-01,7.652794002620861846e-01
-3.915310550788376531e+00,1.546078438529658428e+00,-8.231536737290596761e-01
-2.677782924729639191e+00,-3.905475514339216137e+00,-1.048873395340807235e+01
1.982053983891843174e+00,4.608026558850641052e+00,1.119810710159312528e+01
1.940233567880191856e+00,-4.900184774167049895e+00,-7.860135980453907933e+00
-2.044604154639638516e+00,-3.926185939146985326e+00,-9.896976032933608280e+00
2.783625040116383786e+00,-1.830401805769517942e+00,-8.771785714226520980e-01
-2.956364894204610572e+00,-4.530117615675896658e+00,-1.201660012555640478e+01
-4.195549607560251637e+00,3.589688722724289960e+00,2.983827837888328283e+00
4.364172857655050919e+00,1.954346338989393139e+00,8.272865535633837197e+00
-1.787458357463354020e+00,-2.128262123297866015e+00,-6.043982604059086050e+00
-3.613578620115949214e+00,2.110751179645342646e-01,-3.191428384186880685e+00
1.415299510375866987e+00,-2.554316127426080385e+00,-3.693332744476293783e+00
-2.391162143574573129e+00,5.159288074698764603e-02,-2.287976382080597837e+00
-4.639908889406269665e+00,4.904613457933567844e+00,5.169318026460866022e+00
1.751150207440323570e+00,4.584724236899493377e-01,2.668095054820222245e+00
2.830985626783468767e+00,-3.123419516256042971e+00,-3.415853405728617176e+00
-3.478276522366601231e+00,-1.592327828165794656e+00,-6.662932178698190100e+00
-2.228077682234980372e+00,3.252421686245195787e+00,4.276765690255411201e+00
-3.840607056533651420e+00,4.976991113980108850e+00,6.113375171426566723e+00
4.555963572466069422e+00,2.142855833010226974e+00,8.841675238486523369e+00
-3.006129094404367486e+00,-3.861544184372721844e+00,-1.072921746314981206e+01
4.865925926872172624e+00,-1.595479167103566187e+00,1.674967592665040250e+00
-4.994940311935477162e+00,2.034044682473259869e+00,-9.268509469889574248e-01
-2.318889007796566482e+00,5.509333431636873613e-01,-1.217022321469191759e+00
-4.268721982316334262e+00,2.151807750389693297e+00,3.489351846305233096e-02
1.663046150813514146e+00,8.255759423269655173e-01,3.314198035467445180e+00
-2.059511397333761984e+00,-2.931251628966736966e+00,-7.922014655267235916e+00
-1.765501560496022471e+00,-1.511791275948215496e+00,-4.789084112392453463e+00
3.524370434726057155e+00,1.146064584533238673e+00,5.816499603792534501e+00
3.774012432731995048e+00,-4.113522017261045605e+00,-4.453031601790096161e+00
-4.462425834426566595e+00,-3.208228974323409588e+00,-1.087888378307338577e+01
1.170573671044561337e-02,-4.781729458541359890e+00,-9.551753180372273277e+00
-3.091694501549946406e+00,-4.696134181239957961e+00,-1.248396286402986277e+01
3.820423912841050651e+00,4.958130934186730343e+00,1.373668578121451134e+01
-4.232319990287681577e+00,-2.341858044947514372e+00,-8.916036080182710322e+00
2.755567886879568107e+00,3.236129956419551590e+00,9.227827799718671287e+00
4.164346870665230682e+00,4.087890644889576208e+00,1.234012816044438310e+01
-2.486603908845037569e+00,3.866442960069617740e+00,5.246282011294198355e+00
3.293918271382882068e+00,-4.338389916750278630e+00,-5.382861562117675192e+00
-1.756415921296226035e+00,3.680104899973516197e+00,5.603793878650806803e+00
-3.273494047173027610e+00,6.374706503110569855e-01,-1.998552746550913639e+00
-2.611761918244902780e+00,-3.596960733103964358e+00,-9.805683384452830609e+00
-8.733748588003633628e-01,-3.056007325790007556e+00,-6.985389510380378475e+00
1.653769776761947696e+00,-2.289885165942698642e+00,-2.926000555123449587e+00
-2.362050983140386862e-01,1.893193893615818801e+00,3.550182688917598917e+00
-4.283478565492536916e+00,-3.819679245234315346e-01,-5.047414414539399985e+00
7.306164714698395457e-01,-3.623245325690770180e+00,-6.515874179911700814e+00
-1.916519330366286411e+00,-3.681645150190590243e+00,-9.279809630747466898e+00
-1.079101468750098825e+00,2.495578165035292173e+00,3.912054861320485522e+00
-4.707746357570639084e+00,-2.659050029566820683e+00,-1.002584641670427956e+01
3.479944298486223886e-01,-2.600590096308831534e+00,-4.853185762769040679e+00
-3.949835203341653944e+00,-2.351934747860759956e+00,-8.653704699063172967e+00
-2.620069155526021376e+00,-4.790131982300684932e+00,-1.220033312012739124e+01
-3.620822870851858610e-01,1.834175552663483089e+00,3.306268818241780316e+00
2.845676019675097201e+00,3.094843873185617156e+00,9.035363766046330625e+00
1.094252283055574537e+00,2.519652034381536509e-02,1.144645323743205267e+00
1.748655560990082236e+00,-4.809392960697801200e+00,-7.870130360405520165e+00
9.128652045199281417e-02,1.893487392484236587e+00,3.878261305420465987e+00
2.613155320660718317e-01,-8.209624364089842530e-01,-1.380609340751896674e+00
2.289495566020259609e+00,-3.192076944827446638e+00,-4.094658323634633668e+00
4.592069366422434129e+00,2.705920668354600878e+00,1.000391070313163588e+01
-1.186045086040954377e+00,-4.716166051038235274e+00,-1.061837718811742448e+01
-4.303987488876625633e+00,-3.249286308752648011e+00,-1.080256010638192166e+01
-8.286104206120592508e-01,-2.562375618915968545e+00,-5.953361658443996340e+00
4.647506120337002500e+00,1.133025435395986769e+00,6.913556991128976037e+00
3.272814134687783039e+00,-2.451863321458671585e+00,-1.630912508229560132e+00
4.979084352554442816e+00,-2.265405892854511549e+00,4.482725668454197177e-01
-4.600204860511194482e-01,3.063655084954390873e+00,5.667289683857662297e+00
-2.615891227295294996e+00,-3.894089649525307451e+00,-1.040407052634590990e+01
2.377495562052396316e+00,4.944891412450996171e+00,1.226727838695438777e+01
-2.453511438127513600e+00,-2.886471039241244263e+00,-8.226453516610002126e+00
-2.349513064204237445e+00,3.854121636791244754e+00,5.358730209378252063e+00
2.929041904548325803e+00,4.951211928714855048e+00,1.283146576197803590e+01
2.289405578815967068e+00,3.917890831390010931e+00,1.012518724159598804e+01
3.094838744473133119e+00,-1.793766308144447486e+00,-4.926938718157618524e-01
4.230911566267216983e-01,-2.223804196034313563e+00,-4.024517235441905427e+00
4.474141072047789436e+00,1.147694982451622714e+00,6.769531036951034864e+00
-3.012238734734702383e+00,3.941587430164101846e-01,-2.223921248701882014e+00
-1.749843137478563015e+00,-9.272232054276532409e-01,-3.604289548333869497e+00
-1.463049243719908077e+00,-2.666408272933193047e+00,-6.795865789586294170e+00
4.084841760786382281e+00,-1.963138213073626126e+00,1.585653346391300289e-01
-3.295610351679104433e+00,-2.555307936533790514e+00,-8.406226224746685460e+00
1.648374194496666334e+00,4.681921101120416040e+00,1.101221639673749841e+01
8.486217832296816255e-01,2.146301979332524645e+00,5.141225741894730916e+00
3.290546029829018337e+00,-2.820323383269562001e+00,-2.350100736710105664e+00
1.644161704256364764e+00,2.992682135861199910e-01,2.242698131428604746e+00
4.383367665678868264e+00,1.069653804650321227e+00,6.522675274979510718e+00
3.509242081031914040e+00,-8.943082734759801866e-01,1.720625534079953667e+00
4.712965576319673389e+00,-1.507460815000563947e+00,1.698043946318545494e+00
2.286752981183929556e+00,-4.427729399831199508e+00,-6.568705818478469460e+00
2.380126433753781967e-01,-1.519855643688870828e+00,-2.801698644002363459e+00
4.016788256902126264e-01,2.050047087866140316e-01,8.116882432634406896e-01
-2.027487519090498402e+00,4.891751037082054054e+00,7.756014555073609706e+00
-4.888075383023323894e+00,7.608726426094127859e-01,-3.366330097804498322e+00
2.729916931614825515e+00,2.270257532899399244e+00,7.270431997413624003e+00
2.181152770967464960e+00,-4.298431555757098010e+00,-6.415710340546731061e+00
-8.518378107522650566e-01,3.475151470904405571e+00,6.098465131056546085e+00
-2.897479716164009567e+00,3.131576082898812174e+00,3.365672449633614782e+00
1.909331647011661914e+00,-1.395711358573667127e+00,-8.820910701356723393e-01
-7.164171681556279481e-01,1.899557134389329605e+00,3.082697100623031261e+00
